deal_id,account_name,rep_id,product,deal_amount,created_date,original_expected_close_date,current_expected_close_date,actual_close_date,current_stage,status,lost_reason
D00001,SilverLoop LLC,R005,Pro,20400,2025-09-10,2025-10-26,2025-10-28,2025-09-29,Demo,Closed Lost,Lost to competitor
D00002,DeltaPeak Group,R006,Starter,4800,2026-05-04,2026-06-09,2026-06-12,2026-06-15,Negotiation,Closed Lost,Legal/procurement stalled
D00003,SilverLabs Ltd.,R008,Starter,3700,2025-10-20,2025-11-25,2025-11-26,2025-12-01,Negotiation,Closed Won,
D00004,SilverMetrics LLC,R011,Starter,4500,2026-02-26,2026-04-03,2026-04-06,2026-04-13,Negotiation,Closed Won,
D00005,LumenWave Co.,R005,Starter,4200,2026-05-01,2026-06-06,2026-06-06,2026-05-29,Negotiation,Closed Won,
D00006,IonicLoop Group,R001,Pro,11900,2026-05-29,2026-07-14,2026-07-15,2026-06-29,Negotiation,Closed Won,
D00007,NimbusPeak Group,R011,Pro,19000,2024-02-25,2024-04-11,2024-05-01,2024-04-28,Negotiation,Closed Won,
D00008,DeltaPath Inc.,R007,Starter,5000,2024-06-17,2024-07-23,2024-07-24,2024-07-03,Demo,Closed Lost,Lost to competitor
D00009,VertexPath Group,R009,Starter,7800,2025-05-29,2025-07-04,2025-07-04,2025-07-01,Negotiation,Closed Won,
D00010,CobaltField LLC,R002,Starter,4100,2025-07-30,2025-09-04,2025-09-26,2025-10-06,Negotiation,Closed Lost,Legal/procurement stalled
D00011,OrbitGrid Group,R006,Starter,6200,2026-01-04,2026-02-09,2026-02-11,2026-01-14,Qualified,Closed Lost,No budget
D00012,SummitLogic Co.,R009,Starter,3400,2025-03-13,2025-04-18,2025-04-21,2025-04-14,Negotiation,Closed Won,
D00013,HarborWorks LLC,R003,Pro,13600,2024-01-26,2024-03-12,2024-03-12,2024-02-21,Proposal,Closed Lost,Price too high
D00014,PinnacleMetrics Ltd.,R005,Starter,5500,2026-03-02,2026-04-07,2026-04-15,2026-04-17,Negotiation,Closed Won,
D00015,IonicLogic Ltd.,R012,Pro,14200,2026-01-29,2026-03-16,2026-03-16,2026-03-10,Negotiation,Closed Won,
D00016,RedwoodPeak Group,R008,Starter,6400,2024-11-25,2024-12-31,2025-01-06,2025-01-15,Negotiation,Closed Won,
D00017,SilverBridge Co.,R003,Pro,8100,2024-09-06,2024-10-22,2024-10-23,2024-09-19,Qualified,Closed Lost,No budget
D00018,QuartzWave Co.,R009,Enterprise,81600,2025-11-14,2026-01-22,2026-01-22,2025-12-19,Negotiation,Closed Won,
D00019,SolaceMetrics Co.,R012,Starter,4100,2026-06-04,2026-07-10,2026-07-19,,Negotiation,Open,
D00020,IonicField Inc.,R007,Pro,14600,2024-10-06,2024-11-21,2024-11-22,2024-11-12,Negotiation,Closed Won,
D00021,SummitField Inc.,R009,Starter,7800,2026-02-06,2026-03-14,2026-03-16,2026-03-21,Negotiation,Closed Won,
D00022,LumenSystems Co.,R010,Pro,24300,2024-11-15,2024-12-31,2025-01-04,2024-12-29,Negotiation,Closed Won,
D00023,DeltaField Ltd.,R009,Enterprise,50700,2026-01-21,2026-03-31,2026-04-04,2026-03-07,Negotiation,Closed Won,
D00024,ClearWorks Inc.,R009,Starter,7700,2024-10-09,2024-11-14,2024-11-14,2024-11-10,Negotiation,Closed Lost,Lost to competitor
D00025,SilverPoint Inc.,R012,Starter,4100,2026-02-19,2026-03-27,2026-03-27,2026-03-21,Proposal,Closed Lost,Lost to competitor
D00026,RedwoodField Inc.,R008,Starter,3900,2025-04-25,2025-05-31,2025-06-01,2025-05-08,Qualified,Closed Lost,No budget
D00027,SolaceBridge LLC,R009,Pro,18300,2024-05-01,2024-06-16,2024-06-21,2024-06-12,Negotiation,Closed Lost,Went dark
D00028,SolaceSystems Ltd.,R012,Starter,7300,2026-05-22,2026-06-27,2026-06-27,2026-06-09,Demo,Closed Lost,No internal champion
D00029,LumenMetrics LLC,R002,Pro,13200,2025-03-25,2025-05-10,2025-05-13,2025-05-12,Negotiation,Closed Lost,Legal/procurement stalled
D00030,PinnaclePoint Inc.,R007,Pro,16400,2026-06-29,2026-08-14,2026-08-18,,Proposal,Open,
D00031,NimbusMetrics LLC,R008,Starter,3900,2025-07-09,2025-08-14,2025-09-05,2025-09-10,Negotiation,Closed Lost,Lost to competitor
D00032,NimbusWorks LLC,R007,Pro,24700,2024-10-06,2024-11-21,2024-11-23,2024-11-18,Negotiation,Closed Lost,Legal/procurement stalled
D00033,LumenPath Co.,R007,Pro,13500,2025-07-10,2025-08-25,2025-08-29,2025-08-15,Negotiation,Closed Won,
D00034,SilverBridge Co.,R003,Starter,6900,2025-11-01,2025-12-07,2025-12-07,2025-12-10,Negotiation,Closed Won,
D00035,HarborStream Co.,R001,Starter,7000,2026-07-14,2026-08-19,2026-08-19,,Qualified,Open,
D00036,BrightPoint Group,R003,Starter,6200,2025-08-20,2025-09-25,2025-10-01,2025-10-06,Negotiation,Closed Won,
D00037,CobaltWave LLC,R011,Pro,24600,2025-08-02,2025-09-17,2025-09-28,2025-09-27,Negotiation,Closed Lost,Went dark
D00038,HarborPoint Ltd.,R003,Starter,6900,2025-03-01,2025-04-06,2025-04-09,2025-03-24,Demo,Closed Lost,Lost to competitor
D00039,AnchorBridge Inc.,R007,Starter,5700,2026-03-20,2026-04-25,2026-05-01,2026-05-06,Negotiation,Closed Lost,Lost to competitor
D00040,FusionCore LLC,R003,Starter,4900,2026-06-23,2026-07-29,2026-07-30,,Proposal,Open,
D00041,QuartzField Co.,R004,Enterprise,115200,2026-05-21,2026-07-29,2026-08-01,2026-06-26,Negotiation,Closed Won,
D00042,NorthBridge Group,R003,Starter,6900,2026-04-19,2026-05-25,2026-06-02,2026-06-09,Negotiation,Closed Won,
D00043,LumenLoop Group,R008,Pro,15500,2024-04-20,2024-06-05,2024-06-19,2024-06-11,Negotiation,Closed Won,
D00044,SolaceField LLC,R007,Starter,4300,2024-11-16,2024-12-22,2024-12-26,2024-12-24,Negotiation,Closed Lost,Went dark
D00045,AnchorMetrics LLC,R004,Starter,5400,2026-06-19,2026-07-25,2026-07-25,2026-07-17,Proposal,Closed Lost,Lost to competitor
D00046,SolacePath Inc.,R003,Pro,14800,2024-07-04,2024-08-19,2024-08-21,2024-07-27,Demo,Closed Lost,Lost to competitor
D00047,SummitGrid Group,R007,Pro,15500,2025-11-08,2025-12-24,2025-12-31,2025-12-24,Negotiation,Closed Won,
D00048,HarborCore Inc.,R009,Pro,19400,2024-08-23,2024-10-08,2024-10-28,2024-10-22,Negotiation,Closed Won,
D00049,RedwoodBridge Ltd.,R012,Starter,4700,2024-11-13,2024-12-19,2024-12-19,2024-12-23,Negotiation,Closed Won,
D00050,RedwoodLabs Co.,R006,Enterprise,84600,2025-10-01,2025-12-09,2025-12-11,2025-11-10,Negotiation,Closed Won,
D00051,QuartzLabs Group,R009,Starter,3300,2025-05-02,2025-06-07,2025-06-07,2025-06-10,Negotiation,Closed Lost,Lost to competitor
D00052,BrightWorks LLC,R011,Enterprise,82300,2026-01-11,2026-03-21,2026-04-06,2026-03-01,Negotiation,Closed Won,
D00053,IonicWorks Co.,R006,Enterprise,71200,2026-05-13,2026-07-21,2026-07-30,2026-07-01,Negotiation,Closed Won,
D00054,PinnaclePoint Inc.,R005,Pro,21300,2025-09-17,2025-11-02,2025-11-06,2025-10-30,Negotiation,Closed Won,
D00055,RapidLoop Inc.,R003,Starter,7500,2026-02-20,2026-03-28,2026-03-28,2026-03-02,Qualified,Closed Lost,Not the right time
D00056,ClearPoint Co.,R006,Enterprise,104700,2024-01-29,2024-04-07,2024-04-08,2024-02-15,Demo,Closed Lost,No internal champion
D00057,QuartzCore Ltd.,R010,Pro,9900,2026-01-14,2026-03-01,2026-03-04,2026-02-23,Negotiation,Closed Lost,Legal/procurement stalled
D00058,LumenPath LLC,R008,Starter,4900,2025-02-03,2025-03-11,2025-03-13,2025-03-12,Negotiation,Closed Lost,Legal/procurement stalled
D00059,OrbitWave LLC,R001,Starter,4600,2026-05-11,2026-06-16,2026-06-17,2026-05-24,Qualified,Closed Lost,Not the right time
D00060,FusionStream Group,R012,Starter,7800,2025-02-13,2025-03-21,2025-03-23,2025-03-19,Negotiation,Closed Won,
D00061,RapidLogic LLC,R001,Starter,6200,2026-03-21,2026-04-26,2026-04-27,2026-03-29,Qualified,Closed Lost,No budget
D00062,NimbusPeak Inc.,R001,Pro,19500,2025-08-03,2025-09-18,2025-09-19,2025-09-09,Negotiation,Closed Won,
D00063,LumenLogic Ltd.,R008,Starter,6600,2026-04-25,2026-05-31,2026-06-05,2026-05-28,Negotiation,Closed Won,
D00064,AnchorGrid Co.,R002,Starter,8000,2026-04-27,2026-06-02,2026-06-03,2026-06-07,Negotiation,Closed Lost,Lost to competitor
D00065,RedwoodField Co.,R004,Starter,7700,2025-12-27,2026-02-01,2026-02-02,2026-02-08,Negotiation,Closed Won,
D00066,PinnacleCore Inc.,R010,Pro,16500,2025-03-02,2025-04-17,2025-04-22,2025-04-19,Negotiation,Closed Lost,Went dark
D00067,PinnacleBridge Co.,R002,Starter,4200,2025-04-22,2025-05-28,2025-05-28,2025-05-15,Proposal,Closed Lost,Lost to competitor
D00068,HarborWorks LLC,R001,Starter,5500,2026-05-31,2026-07-06,2026-07-07,2026-07-05,Negotiation,Closed Lost,Lost to competitor
D00069,BrightWorks LLC,R003,Starter,5500,2025-01-09,2025-02-14,2025-02-15,2025-02-20,Negotiation,Closed Won,
D00070,IonicSystems Co.,R010,Starter,7500,2025-03-02,2025-04-07,2025-04-09,2025-04-17,Negotiation,Closed Won,
D00071,AnchorPeak LLC,R010,Enterprise,107900,2026-03-04,2026-05-12,2026-05-12,2026-04-09,Negotiation,Closed Lost,Legal/procurement stalled
D00072,FusionMetrics Group,R004,Pro,16300,2025-12-22,2026-02-06,2026-02-08,2026-01-11,Demo,Closed Lost,Lost to competitor
D00073,NimbusBridge Co.,R008,Starter,7100,2026-02-04,2026-03-12,2026-03-12,2026-03-10,Negotiation,Closed Won,
D00074,DeltaField Group,R006,Starter,3300,2024-10-21,2024-11-26,2024-12-06,2024-12-11,Negotiation,Closed Won,
D00075,SummitGrid Group,R009,Pro,24000,2025-07-10,2025-08-25,2025-08-27,2025-08-13,Negotiation,Closed Won,
D00076,RapidPath Inc.,R001,Starter,4200,2024-09-11,2024-10-17,2024-10-17,2024-09-16,Lead,Closed Lost,No response
D00077,SolacePoint Inc.,R007,Pro,23700,2024-06-12,2024-07-28,2024-08-01,2024-07-30,Negotiation,Closed Won,
D00078,BrightSystems Co.,R012,Starter,7600,2025-06-24,2025-07-30,2025-08-03,2025-08-08,Negotiation,Closed Lost,Went dark
D00079,FusionWave Co.,R007,Starter,3300,2024-02-16,2024-03-23,2024-03-24,2024-03-24,Negotiation,Closed Won,
D00080,LumenStream Inc.,R009,Starter,7900,2025-02-06,2025-03-14,2025-04-02,2025-04-07,Negotiation,Closed Won,
D00081,SummitLabs Group,R007,Starter,5700,2026-04-21,2026-05-27,2026-05-29,2026-06-06,Negotiation,Closed Won,
D00082,VertexCore Co.,R006,Enterprise,88800,2024-02-18,2024-04-27,2024-04-28,2024-03-22,Negotiation,Closed Won,
D00083,AnchorLoop Group,R011,Pro,8700,2026-06-03,2026-07-19,2026-07-19,2026-07-10,Negotiation,Closed Lost,Went dark
D00084,DeltaField Group,R005,Starter,5600,2025-01-02,2025-02-07,2025-02-07,2025-02-09,Negotiation,Closed Won,
D00085,VertexPoint Inc.,R012,Pro,10900,2025-10-19,2025-12-04,2025-12-04,2025-10-27,Qualified,Closed Lost,No budget
D00086,IonicLogic Co.,R003,Pro,11900,2025-02-26,2025-04-13,2025-04-23,2025-04-01,Proposal,Closed Lost,Budget cut
D00087,VertexBridge Group,R009,Starter,4000,2026-04-28,2026-06-03,2026-06-09,2026-06-11,Negotiation,Closed Lost,Lost to competitor
D00088,RedwoodPeak Ltd.,R010,Enterprise,117500,2024-12-05,2025-02-12,2025-02-25,2025-01-21,Negotiation,Closed Won,
D00089,HarborLoop Co.,R011,Enterprise,56500,2025-02-02,2025-04-12,2025-04-12,2025-03-07,Negotiation,Closed Won,
D00090,DeltaPoint Group,R007,Starter,6100,2025-11-07,2025-12-13,2025-12-20,2025-12-24,Negotiation,Closed Lost,Legal/procurement stalled
D00091,CobaltField Inc.,R007,Pro,20300,2026-06-07,2026-07-23,2026-07-26,2026-07-21,Negotiation,Closed Won,
D00092,ClearStream Ltd.,R010,Starter,7300,2024-12-06,2025-01-11,2025-01-14,2025-01-14,Negotiation,Closed Won,
D00093,HarborCore Ltd.,R001,Enterprise,68900,2026-06-25,2026-09-02,2026-09-08,,Proposal,Open,
D00094,PinnacleCore Ltd.,R012,Starter,3200,2026-06-09,2026-07-15,2026-07-21,,Negotiation,Open,
D00095,LumenWorks Inc.,R008,Starter,5300,2024-08-14,2024-09-19,2024-09-27,2024-09-24,Proposal,Closed Lost,Budget cut
D00096,VertexStream Inc.,R012,Starter,7200,2026-04-09,2026-05-15,2026-05-18,2026-05-15,Negotiation,Closed Lost,Legal/procurement stalled
D00097,CobaltCore Group,R003,Starter,4000,2025-07-03,2025-08-08,2025-08-12,2025-08-14,Negotiation,Closed Lost,Went dark
D00098,VertexStream Inc.,R010,Starter,3900,2024-05-21,2024-06-26,2024-06-29,2024-06-21,Negotiation,Closed Won,
D00099,LumenField LLC,R005,Starter,4100,2024-08-13,2024-09-18,2024-09-22,2024-09-28,Negotiation,Closed Lost,Lost to competitor
D00100,SilverGrid Group,R008,Enterprise,36200,2024-03-30,2024-06-07,2024-06-09,2024-05-04,Negotiation,Closed Won,
D00101,BrightPoint Inc.,R011,Starter,7300,2024-10-10,2024-11-15,2024-11-17,2024-11-15,Negotiation,Closed Won,
D00102,ClearSystems Co.,R011,Pro,14100,2025-04-14,2025-05-30,2025-06-04,2025-05-30,Negotiation,Closed Lost,Went dark
D00103,SilverPoint Group,R003,Enterprise,108300,2024-11-05,2025-01-13,2025-01-21,2024-12-21,Negotiation,Closed Won,
D00104,CobaltLogic Inc.,R002,Starter,3400,2025-05-04,2025-06-09,2025-06-11,2025-06-04,Negotiation,Closed Won,
D00105,NimbusLoop Inc.,R006,Enterprise,54900,2025-01-28,2025-04-07,2025-04-07,2025-02-25,Proposal,Closed Lost,Price too high
D00106,RedwoodWave Inc.,R010,Starter,7400,2026-07-06,2026-08-11,2026-08-14,,Demo,Open,
D00107,RapidPath Co.,R001,Enterprise,62800,2024-02-10,2024-04-19,2024-04-19,2024-03-20,Negotiation,Closed Won,
D00108,OrbitCore Inc.,R002,Pro,18400,2026-06-10,2026-07-26,2026-07-31,,Negotiation,Open,
D00109,IonicPeak LLC,R011,Starter,5300,2025-08-13,2025-09-18,2025-09-19,2025-09-22,Negotiation,Closed Won,
D00110,NimbusLogic Co.,R005,Pro,17700,2026-05-26,2026-07-11,2026-07-20,2026-07-17,Negotiation,Closed Won,
D00111,BrightLogic Group,R004,Starter,7700,2025-07-13,2025-08-18,2025-08-18,2025-07-17,Lead,Closed Lost,No response
D00112,CobaltPeak LLC,R005,Starter,5600,2026-01-14,2026-02-19,2026-03-03,2026-03-04,Negotiation,Closed Won,
D00113,AnchorPoint Ltd.,R007,Pro,20500,2024-11-18,2025-01-03,2025-01-03,2024-12-10,Proposal,Closed Lost,Price too high
D00114,RedwoodStream LLC,R003,Starter,4200,2026-05-27,2026-07-02,2026-07-27,,Negotiation,Open,
D00115,HarborBridge Inc.,R001,Enterprise,43800,2024-03-17,2024-05-25,2024-05-30,2024-04-03,Qualified,Closed Lost,Not the right time
D00116,FusionBridge Ltd.,R003,Starter,7500,2025-03-12,2025-04-17,2025-04-19,2025-04-15,Negotiation,Closed Won,
D00117,FusionMetrics Co.,R010,Pro,14600,2024-12-18,2025-02-02,2025-02-24,2025-02-23,Negotiation,Closed Won,
D00118,BrightWorks Ltd.,R006,Pro,19900,2026-06-30,2026-08-15,2026-08-15,,Proposal,Open,
D00119,SilverPoint Ltd.,R006,Pro,23600,2026-05-02,2026-06-17,2026-06-17,2026-05-07,Lead,Closed Lost,Not a fit (ICP mismatch)
D00120,RedwoodLoop Ltd.,R006,Pro,19300,2024-03-15,2024-04-30,2024-05-03,2024-04-25,Negotiation,Closed Lost,Legal/procurement stalled
D00121,DeltaBridge Inc.,R006,Enterprise,116900,2026-07-02,2026-09-09,2026-09-09,,Demo,Open,
D00122,AnchorPath LLC,R012,Starter,4300,2024-09-12,2024-10-18,2024-10-19,2024-10-03,Proposal,Closed Lost,Price too high
D00123,ClearPeak Group,R002,Starter,7400,2024-04-17,2024-05-23,2024-05-25,2024-05-08,Demo,Closed Lost,No internal champion
D00124,OrbitWave Ltd.,R012,Pro,19200,2026-01-09,2026-02-24,2026-03-02,2026-02-25,Negotiation,Closed Won,
D00125,VertexLoop Inc.,R007,Starter,5200,2025-01-14,2025-02-19,2025-02-22,2025-03-01,Negotiation,Closed Won,
D00126,IonicWave Group,R009,Pro,19500,2026-07-11,2026-08-26,2026-08-30,,Qualified,Open,
D00127,PinnacleLogic Group,R003,Pro,12400,2026-07-05,2026-08-20,2026-08-22,,Demo,Open,
D00128,OrbitMetrics LLC,R003,Pro,17900,2026-05-05,2026-06-20,2026-06-22,2026-06-17,Negotiation,Closed Lost,Went dark
D00129,PinnacleLoop Co.,R005,Starter,5500,2026-05-24,2026-06-29,2026-07-01,2026-07-02,Negotiation,Closed Lost,Went dark
D00130,VertexField Inc.,R010,Starter,4000,2025-06-20,2025-07-26,2025-07-26,2025-07-29,Negotiation,Closed Won,
D00131,FusionBridge LLC,R010,Pro,11600,2024-06-15,2024-07-31,2024-08-03,2024-07-14,Negotiation,Closed Won,
D00132,HarborLabs LLC,R011,Pro,18600,2026-05-24,2026-07-09,2026-07-10,2026-07-02,Negotiation,Closed Lost,Legal/procurement stalled
D00133,OrbitSystems Ltd.,R001,Pro,25000,2026-01-08,2026-02-23,2026-02-24,2026-02-14,Negotiation,Closed Lost,Lost to competitor
D00134,HarborCore LLC,R011,Enterprise,87200,2024-07-06,2024-09-13,2024-09-13,2024-07-26,Proposal,Closed Lost,Budget cut
D00135,HarborLoop Group,R003,Starter,4000,2026-06-10,2026-07-16,2026-07-19,2026-07-19,Negotiation,Closed Won,
D00136,CobaltWorks Group,R009,Starter,4900,2024-02-08,2024-03-15,2024-03-17,2024-03-14,Negotiation,Closed Won,
D00137,QuartzField Group,R003,Enterprise,112200,2024-07-11,2024-09-18,2024-10-07,2024-08-31,Negotiation,Closed Won,
D00138,NimbusMetrics Co.,R012,Pro,8200,2024-07-29,2024-09-13,2024-09-13,2024-08-30,Negotiation,Closed Lost,Legal/procurement stalled
D00139,BrightPoint Co.,R006,Starter,3100,2025-05-07,2025-06-12,2025-06-29,2025-06-24,Negotiation,Closed Lost,Lost to competitor
D00140,SilverLoop Ltd.,R006,Starter,5200,2024-06-23,2024-07-29,2024-08-04,2024-07-28,Proposal,Closed Lost,Price too high
D00141,BrightSystems Ltd.,R011,Starter,6100,2025-08-05,2025-09-10,2025-09-12,2025-08-26,Demo,Closed Lost,No internal champion
D00142,RapidWorks LLC,R012,Pro,24600,2025-08-13,2025-09-28,2025-10-10,2025-10-02,Negotiation,Closed Won,
D00143,LumenWorks LLC,R009,Pro,14900,2026-05-14,2026-06-29,2026-06-29,2026-06-19,Negotiation,Closed Lost,Legal/procurement stalled
D00144,AnchorCore Ltd.,R004,Pro,13600,2026-04-16,2026-06-01,2026-06-01,2026-04-25,Qualified,Closed Lost,Not the right time
D00145,LumenBridge Ltd.,R001,Enterprise,71800,2024-04-18,2024-06-26,2024-06-27,2024-05-05,Demo,Closed Lost,Lost to competitor
D00146,DeltaField Group,R008,Starter,6700,2024-05-17,2024-06-22,2024-06-25,2024-06-22,Negotiation,Closed Won,
D00147,IonicLabs Ltd.,R007,Pro,23100,2024-05-21,2024-07-06,2024-07-07,2024-06-27,Negotiation,Closed Won,
D00148,QuartzLoop Co.,R007,Pro,16900,2026-05-17,2026-07-02,2026-07-04,2026-06-26,Negotiation,Closed Won,
D00149,SummitLabs Inc.,R012,Starter,6300,2026-03-26,2026-05-01,2026-05-06,2026-05-08,Negotiation,Closed Won,
D00150,NimbusLogic Ltd.,R012,Pro,14400,2026-05-08,2026-06-23,2026-06-23,2026-05-22,Demo,Closed Lost,No internal champion
D00151,SolacePeak Inc.,R012,Starter,4100,2024-03-15,2024-04-20,2024-04-28,2024-04-30,Negotiation,Closed Won,
D00152,ClearPoint Group,R007,Enterprise,114800,2024-11-24,2025-02-01,2025-02-16,2025-01-23,Negotiation,Closed Won,
D00153,NorthGrid LLC,R009,Pro,22900,2024-07-29,2024-09-13,2024-09-14,2024-08-10,Qualified,Closed Lost,No budget
D00154,VertexWorks Ltd.,R004,Enterprise,63700,2025-08-11,2025-10-19,2025-10-22,2025-08-24,Qualified,Closed Lost,No budget
D00155,FusionPath Ltd.,R005,Pro,12800,2026-07-12,2026-08-27,2026-08-27,,Demo,Open,
D00156,QuartzBridge Ltd.,R002,Starter,5900,2024-05-24,2024-06-29,2024-07-09,2024-07-09,Negotiation,Closed Won,
D00157,RedwoodWorks LLC,R002,Starter,4000,2026-07-10,2026-08-15,2026-08-15,,Demo,Open,
D00158,VertexMetrics Inc.,R001,Starter,6900,2024-06-21,2024-07-27,2024-07-30,2024-07-30,Negotiation,Closed Won,
D00159,PinnacleGrid Group,R001,Pro,17800,2025-10-08,2025-11-23,2025-11-30,2025-11-20,Negotiation,Closed Won,
D00160,PinnacleMetrics LLC,R010,Pro,24500,2026-06-27,2026-08-12,2026-08-12,2026-07-07,Qualified,Closed Lost,No budget
D00161,SolacePath Ltd.,R001,Starter,6200,2025-04-10,2025-05-16,2025-05-23,2025-05-26,Negotiation,Closed Won,
D00162,SummitGrid Ltd.,R003,Starter,5600,2025-03-26,2025-05-01,2025-05-01,2025-04-24,Proposal,Closed Lost,Budget cut
D00163,VertexPeak Group,R003,Starter,4300,2026-06-28,2026-08-03,2026-08-03,2026-07-02,Lead,Closed Lost,No response
D00164,SolaceStream Inc.,R008,Starter,7200,2025-04-27,2025-06-02,2025-06-04,2025-06-07,Negotiation,Closed Lost,Went dark
D00165,VertexField Ltd.,R009,Pro,9600,2025-06-28,2025-08-13,2025-08-14,2025-08-07,Negotiation,Closed Lost,Lost to competitor
D00166,NimbusGrid LLC,R005,Starter,6500,2025-02-22,2025-03-30,2025-03-31,2025-04-02,Negotiation,Closed Won,
D00167,VertexWave LLC,R005,Enterprise,79900,2025-05-10,2025-07-18,2025-07-23,2025-06-20,Negotiation,Closed Won,
D00168,BrightGrid Inc.,R010,Starter,4900,2026-04-26,2026-06-01,2026-06-03,2026-06-01,Negotiation,Closed Lost,Lost to competitor
D00169,PinnacleField Ltd.,R007,Starter,5000,2026-03-09,2026-04-14,2026-04-16,2026-04-22,Negotiation,Closed Won,
D00170,OrbitWave Group,R005,Pro,24400,2025-08-11,2025-09-26,2025-09-27,2025-08-21,Qualified,Closed Lost,No budget
D00171,RapidSystems Co.,R011,Pro,21600,2024-08-13,2024-09-28,2024-09-28,2024-09-14,Negotiation,Closed Won,
D00172,CobaltPath Ltd.,R004,Starter,4200,2024-07-30,2024-09-04,2024-09-12,2024-09-15,Negotiation,Closed Lost,Legal/procurement stalled
D00173,IonicSystems LLC,R009,Starter,4700,2025-05-04,2025-06-09,2025-06-09,2025-06-06,Negotiation,Closed Won,
D00174,NorthLoop Inc.,R005,Pro,17700,2025-02-14,2025-04-01,2025-04-20,2025-04-14,Negotiation,Closed Won,
D00175,FusionPoint Ltd.,R004,Pro,16100,2024-03-02,2024-04-17,2024-04-17,2024-03-13,Qualified,Closed Lost,No budget
D00176,DeltaLabs LLC,R011,Pro,11000,2026-06-28,2026-08-13,2026-08-14,,Negotiation,Open,
D00177,SilverField Ltd.,R011,Starter,7400,2025-09-11,2025-10-17,2025-10-18,2025-10-11,Negotiation,Closed Won,
D00178,SolaceBridge Ltd.,R007,Starter,4200,2026-07-08,2026-08-13,2026-08-13,,Proposal,Open,
D00179,BrightCore LLC,R011,Pro,23500,2025-10-17,2025-12-02,2025-12-03,2025-11-23,Negotiation,Closed Won,
D00180,AnchorWave Group,R007,Starter,3800,2026-06-26,2026-08-01,2026-08-06,,Proposal,Open,
D00181,VertexCore Group,R012,Pro,11200,2024-10-05,2024-11-20,2024-11-23,2024-11-16,Negotiation,Closed Lost,Went dark
D00182,PinnacleWave LLC,R007,Pro,10100,2026-05-18,2026-07-03,2026-07-07,2026-06-18,Proposal,Closed Lost,Budget cut
D00183,NorthPath LLC,R004,Starter,3300,2024-11-01,2024-12-07,2024-12-13,2024-12-20,Negotiation,Closed Won,
D00184,QuartzGrid Inc.,R009,Pro,10100,2025-12-19,2026-02-03,2026-02-05,2026-01-24,Negotiation,Closed Won,
D00185,SilverCore Inc.,R005,Pro,17200,2025-04-05,2025-05-21,2025-05-21,2025-05-04,Negotiation,Closed Won,
D00186,NorthWorks Ltd.,R003,Enterprise,44200,2026-05-02,2026-07-10,2026-07-15,2026-06-07,Proposal,Closed Lost,Budget cut
D00187,QuartzLoop Inc.,R007,Pro,21500,2026-06-30,2026-08-15,2026-08-18,,Proposal,Open,
D00188,OrbitWorks Group,R006,Pro,19900,2025-08-13,2025-09-28,2025-09-28,2025-09-12,Negotiation,Closed Won,
D00189,QuartzCore Ltd.,R001,Pro,24700,2025-02-10,2025-03-28,2025-03-28,2025-02-19,Qualified,Closed Lost,Not the right time
D00190,HarborWave Inc.,R003,Starter,5300,2025-08-08,2025-09-13,2025-09-20,2025-09-24,Negotiation,Closed Lost,Legal/procurement stalled
D00191,AnchorLogic Group,R006,Enterprise,66300,2024-12-08,2025-02-15,2025-02-19,2025-01-18,Negotiation,Closed Lost,Went dark
D00192,IonicWorks LLC,R002,Pro,20700,2026-05-29,2026-07-14,2026-07-14,2026-07-05,Negotiation,Closed Lost,Went dark
D00193,NimbusPath LLC,R010,Pro,21100,2026-05-30,2026-07-15,2026-07-15,2026-07-04,Negotiation,Closed Won,
D00194,HarborLabs LLC,R004,Starter,5600,2026-06-23,2026-07-29,2026-08-03,,Proposal,Open,
D00195,FusionWorks LLC,R006,Enterprise,26800,2025-11-06,2026-01-14,2026-01-19,2025-12-22,Negotiation,Closed Lost,Went dark
D00196,ClearLabs Co.,R005,Pro,18600,2026-06-19,2026-08-04,2026-08-17,,Negotiation,Open,
D00197,LumenSystems LLC,R004,Enterprise,54400,2025-12-01,2026-02-08,2026-02-21,2026-01-24,Negotiation,Closed Won,
D00198,IonicPeak Co.,R002,Starter,3100,2026-05-10,2026-06-15,2026-06-15,2026-06-09,Negotiation,Closed Won,
D00199,NorthMetrics Co.,R003,Enterprise,118600,2024-03-08,2024-05-16,2024-05-17,2024-04-12,Negotiation,Closed Won,
D00200,DeltaBridge Inc.,R012,Starter,4900,2025-02-09,2025-03-17,2025-03-26,2025-03-26,Negotiation,Closed Won,
D00201,NorthLogic Co.,R012,Enterprise,108800,2026-06-30,2026-09-07,2026-09-09,,Proposal,Open,
D00202,BrightBridge Group,R011,Enterprise,40400,2025-08-02,2025-10-10,2025-10-12,2025-08-26,Demo,Closed Lost,No internal champion
D00203,NorthGrid Inc.,R001,Pro,16400,2025-07-10,2025-08-25,2025-08-29,2025-08-03,Demo,Closed Lost,No internal champion
D00204,AnchorBridge Co.,R010,Starter,7600,2026-05-08,2026-06-13,2026-06-21,2026-06-19,Negotiation,Closed Won,
D00205,SummitMetrics Ltd.,R006,Pro,16900,2026-05-21,2026-07-06,2026-07-18,2026-07-18,Negotiation,Closed Won,
D00206,RedwoodStream Inc.,R004,Starter,3100,2026-05-23,2026-06-28,2026-07-07,2026-07-11,Negotiation,Closed Won,
D00207,VertexGrid LLC,R006,Pro,23700,2024-07-17,2024-09-01,2024-09-08,2024-09-07,Negotiation,Closed Won,
D00208,VertexBridge Co.,R007,Pro,22300,2024-12-13,2025-01-28,2025-01-30,2024-12-27,Qualified,Closed Lost,Not the right time
D00209,NorthBridge Group,R005,Starter,4500,2026-04-29,2026-06-04,2026-06-10,2026-06-19,Negotiation,Closed Lost,Legal/procurement stalled
D00210,BrightStream LLC,R002,Starter,7700,2025-06-18,2025-07-24,2025-07-25,2025-06-24,Lead,Closed Lost,No response
D00211,NorthGrid Inc.,R006,Starter,4400,2024-08-02,2024-09-07,2024-09-12,2024-09-21,Negotiation,Closed Won,
D00212,LumenBridge Co.,R001,Starter,3300,2025-11-22,2025-12-28,2025-12-28,2025-12-27,Negotiation,Closed Won,
D00213,QuartzBridge Group,R010,Starter,4800,2024-05-27,2024-07-02,2024-07-10,2024-07-15,Negotiation,Closed Lost,Went dark
D00214,SolaceWave Ltd.,R010,Starter,3800,2024-09-01,2024-10-07,2024-10-09,2024-09-28,Negotiation,Closed Won,
D00215,FusionWave Ltd.,R006,Pro,19200,2025-01-23,2025-03-10,2025-03-14,2025-03-11,Negotiation,Closed Won,
D00216,IonicGrid LLC,R007,Pro,22500,2026-06-20,2026-08-05,2026-08-07,,Negotiation,Open,
D00217,RedwoodBridge Co.,R003,Starter,3400,2025-11-17,2025-12-23,2025-12-28,2025-12-27,Negotiation,Closed Won,
D00218,RedwoodField Ltd.,R007,Enterprise,79800,2024-10-02,2024-12-10,2024-12-11,2024-11-11,Negotiation,Closed Won,
D00219,RedwoodField Inc.,R009,Pro,16000,2026-05-29,2026-07-14,2026-07-16,2026-06-09,Qualified,Closed Lost,Not the right time
D00220,VertexGrid Ltd.,R003,Pro,19200,2025-08-15,2025-09-30,2025-09-30,2025-08-19,Lead,Closed Lost,No response
D00221,RapidLabs Group,R005,Starter,4400,2026-05-21,2026-06-26,2026-06-26,2026-06-15,Negotiation,Closed Won,
D00222,PinnacleLabs Inc.,R004,Pro,22300,2024-06-20,2024-08-05,2024-08-06,2024-07-25,Negotiation,Closed Won,
D00223,BrightLabs Inc.,R011,Starter,7200,2026-06-23,2026-07-29,2026-07-30,,Proposal,Open,
D00224,NorthStream Co.,R007,Starter,3500,2024-01-13,2024-02-18,2024-02-18,2024-01-16,Lead,Closed Lost,Not a fit (ICP mismatch)
D00225,OrbitLogic Inc.,R002,Pro,10000,2025-10-15,2025-11-30,2025-12-04,2025-11-30,Negotiation,Closed Lost,Lost to competitor
D00226,HarborField Co.,R001,Starter,7100,2024-12-06,2025-01-11,2025-01-14,2025-01-13,Negotiation,Closed Lost,Lost to competitor
D00227,NimbusWave Ltd.,R007,Pro,16800,2026-07-15,2026-08-30,2026-08-31,,Qualified,Open,
D00228,ClearField Group,R006,Pro,14800,2025-01-02,2025-02-17,2025-02-20,2025-01-23,Demo,Closed Lost,No internal champion
D00229,NimbusCore Group,R012,Starter,3400,2025-10-07,2025-11-12,2025-11-13,2025-10-20,Qualified,Closed Lost,Not the right time
D00230,SilverBridge Ltd.,R001,Starter,4700,2024-01-17,2024-02-22,2024-03-17,2024-03-25,Negotiation,Closed Won,
D00231,DeltaWave Inc.,R002,Pro,9800,2026-06-30,2026-08-15,2026-09-01,,Proposal,Open,
D00232,RedwoodMetrics LLC,R007,Starter,4800,2026-02-14,2026-03-22,2026-03-22,2026-02-25,Demo,Closed Lost,Lost to competitor
D00233,ClearWave Ltd.,R008,Pro,11500,2026-04-06,2026-05-22,2026-05-24,2026-04-26,Demo,Closed Lost,Lost to competitor
D00234,SilverSystems Inc.,R006,Enterprise,118700,2025-09-25,2025-12-03,2025-12-05,2025-10-30,Negotiation,Closed Won,
D00235,HarborWorks Co.,R003,Pro,16200,2024-06-29,2024-08-14,2024-08-17,2024-08-11,Negotiation,Closed Won,
D00236,ClearStream Group,R011,Starter,4300,2024-07-17,2024-08-22,2024-08-26,2024-08-26,Negotiation,Closed Won,
D00237,NorthBridge Ltd.,R001,Pro,20500,2024-10-12,2024-11-27,2024-11-27,2024-10-18,Qualified,Closed Lost,No budget
D00238,ClearGrid LLC,R007,Pro,21600,2026-06-22,2026-08-07,2026-08-07,2026-06-26,Lead,Closed Lost,No response
D00239,SolaceCore Ltd.,R002,Starter,6300,2025-10-25,2025-11-30,2025-12-02,2025-11-30,Negotiation,Closed Won,
D00240,ClearLogic Co.,R011,Starter,7400,2026-03-17,2026-04-22,2026-05-01,2026-05-05,Negotiation,Closed Won,
D00241,VertexPeak Group,R005,Pro,15200,2026-07-08,2026-08-23,2026-08-23,,Demo,Open,
D00242,PinnacleLabs LLC,R003,Starter,7800,2026-06-05,2026-07-11,2026-07-11,2026-07-04,Proposal,Closed Lost,Price too high
D00243,AnchorBridge Co.,R011,Pro,13500,2024-12-17,2025-02-01,2025-02-03,2025-01-09,Demo,Closed Lost,No internal champion
D00244,HarborMetrics Group,R012,Pro,11100,2024-06-13,2024-07-29,2024-07-31,2024-07-30,Negotiation,Closed Lost,Lost to competitor
D00245,QuartzWave LLC,R006,Starter,7900,2025-04-14,2025-05-20,2025-05-26,2025-05-24,Proposal,Closed Lost,Budget cut
D00246,FusionLoop Co.,R004,Starter,3500,2026-07-04,2026-08-09,2026-08-10,,Proposal,Open,
D00247,RedwoodLogic Group,R006,Starter,3100,2025-03-13,2025-04-18,2025-04-24,2025-04-25,Negotiation,Closed Won,
D00248,RedwoodField Group,R011,Enterprise,64400,2026-06-07,2026-08-15,2026-08-15,2026-06-15,Qualified,Closed Lost,Not the right time
D00249,NimbusSystems Inc.,R004,Starter,3000,2025-04-19,2025-05-25,2025-06-04,2025-06-10,Negotiation,Closed Won,
D00250,SummitLogic Inc.,R010,Starter,4300,2026-01-20,2026-02-25,2026-02-27,2026-02-04,Demo,Closed Lost,Lost to competitor
D00251,PinnaclePoint Ltd.,R009,Starter,4600,2024-06-20,2024-07-26,2024-08-01,2024-08-05,Negotiation,Closed Won,
D00252,SilverWave Inc.,R002,Starter,7600,2025-12-20,2026-01-25,2026-01-31,2026-02-06,Negotiation,Closed Won,
D00253,SummitPoint Ltd.,R007,Starter,3500,2026-02-14,2026-03-22,2026-03-29,2026-04-02,Negotiation,Closed Won,
D00254,ClearMetrics Ltd.,R004,Pro,9200,2025-09-19,2025-11-04,2025-11-04,2025-09-29,Qualified,Closed Lost,No budget
D00255,SilverLoop LLC,R006,Pro,11100,2025-05-01,2025-06-16,2025-06-16,2025-05-29,Proposal,Closed Lost,Lost to competitor
D00256,HarborSystems Ltd.,R005,Pro,22300,2026-01-23,2026-03-10,2026-03-11,2026-02-21,Proposal,Closed Lost,Lost to competitor
D00257,RapidLabs Co.,R003,Starter,7900,2026-01-29,2026-03-06,2026-03-06,2026-03-05,Negotiation,Closed Lost,Went dark
D00258,SilverLoop Group,R002,Pro,8500,2026-04-22,2026-06-07,2026-06-15,2026-06-05,Negotiation,Closed Won,
D00259,AnchorWorks Inc.,R008,Pro,8600,2025-01-20,2025-03-07,2025-03-10,2025-03-08,Negotiation,Closed Won,
D00260,IonicStream Ltd.,R003,Pro,13900,2026-04-21,2026-06-06,2026-06-13,2026-06-04,Negotiation,Closed Won,
D00261,HarborLogic Co.,R001,Pro,18000,2024-09-30,2024-11-15,2024-11-16,2024-11-12,Negotiation,Closed Lost,Legal/procurement stalled
D00262,SummitStream Group,R012,Pro,9600,2024-04-04,2024-05-20,2024-05-20,2024-05-01,Negotiation,Closed Won,
D00263,HarborPeak Inc.,R005,Enterprise,75600,2026-06-14,2026-08-22,2026-08-22,2026-07-21,Negotiation,Closed Won,
D00264,FusionLabs Inc.,R004,Pro,13300,2026-04-19,2026-06-04,2026-06-18,2026-06-11,Negotiation,Closed Lost,Went dark
D00265,IonicField Ltd.,R012,Pro,12000,2026-05-09,2026-06-24,2026-06-26,2026-06-22,Negotiation,Closed Won,
D00266,RapidField Ltd.,R006,Pro,9900,2026-06-23,2026-08-08,2026-08-25,,Proposal,Open,
D00267,NimbusBridge Group,R012,Starter,7100,2025-10-16,2025-11-21,2025-11-28,2025-12-03,Negotiation,Closed Lost,Lost to competitor
D00268,CobaltPoint Ltd.,R012,Starter,7600,2024-12-06,2025-01-11,2025-01-11,2025-01-11,Negotiation,Closed Won,
D00269,NorthLoop Ltd.,R006,Pro,22800,2026-03-22,2026-05-07,2026-05-13,2026-05-10,Negotiation,Closed Lost,Lost to competitor
D00270,IonicLogic Co.,R003,Starter,4800,2024-09-23,2024-10-29,2024-10-31,2024-10-27,Negotiation,Closed Won,
D00271,SolaceSystems Inc.,R004,Pro,23400,2026-05-19,2026-07-04,2026-07-10,2026-07-04,Negotiation,Closed Won,
D00272,OrbitStream LLC,R010,Starter,7900,2026-06-19,2026-07-25,2026-07-26,,Negotiation,Open,
D00273,CobaltWave LLC,R003,Starter,8000,2025-03-22,2025-04-27,2025-05-03,2025-05-10,Negotiation,Closed Won,
D00274,RedwoodMetrics Inc.,R003,Pro,20700,2026-05-22,2026-07-07,2026-07-11,2026-06-26,Proposal,Closed Lost,Lost to competitor
D00275,SolaceBridge LLC,R001,Starter,7200,2024-06-06,2024-07-12,2024-07-13,2024-06-12,Lead,Closed Lost,Not a fit (ICP mismatch)
D00276,IonicSystems LLC,R010,Starter,7300,2026-01-21,2026-02-26,2026-03-01,2026-03-05,Negotiation,Closed Won,
D00277,IonicWave Group,R003,Starter,3500,2025-09-09,2025-10-15,2025-10-15,2025-10-13,Negotiation,Closed Lost,Went dark
D00278,NorthCore Inc.,R011,Enterprise,104900,2024-05-10,2024-07-18,2024-07-18,2024-05-13,Lead,Closed Lost,Not a fit (ICP mismatch)
D00279,SummitLogic Co.,R002,Pro,20200,2025-02-26,2025-04-13,2025-04-13,2025-02-28,Lead,Closed Lost,No response
D00280,HarborPoint Ltd.,R002,Starter,6500,2024-02-16,2024-03-23,2024-03-30,2024-04-04,Negotiation,Closed Won,
D00281,SilverGrid Co.,R010,Pro,18500,2024-11-06,2024-12-22,2024-12-24,2024-12-13,Negotiation,Closed Won,
D00282,NimbusPeak Inc.,R008,Pro,22600,2025-03-31,2025-05-16,2025-05-18,2025-05-12,Negotiation,Closed Won,
D00283,ClearBridge LLC,R010,Starter,3300,2025-03-08,2025-04-13,2025-04-13,2025-03-17,Qualified,Closed Lost,Not the right time
D00284,IonicBridge LLC,R004,Pro,19600,2025-06-03,2025-07-19,2025-07-30,2025-07-25,Negotiation,Closed Won,
D00285,CobaltPoint Ltd.,R001,Enterprise,59100,2026-06-26,2026-09-03,2026-09-05,,Proposal,Open,
D00286,CobaltLabs LLC,R012,Starter,7700,2024-04-16,2024-05-22,2024-05-24,2024-05-27,Negotiation,Closed Won,
D00287,FusionPath Group,R002,Pro,15500,2024-05-21,2024-07-06,2024-07-06,2024-06-22,Negotiation,Closed Won,
D00288,DeltaMetrics LLC,R012,Pro,24000,2026-04-17,2026-06-02,2026-06-02,2026-05-19,Negotiation,Closed Won,
D00289,DeltaLogic Co.,R009,Pro,10500,2026-05-21,2026-07-06,2026-07-08,2026-07-04,Negotiation,Closed Won,
D00290,RedwoodStream Ltd.,R010,Starter,7200,2026-06-24,2026-07-30,2026-08-04,,Proposal,Open,
D00291,HarborStream Ltd.,R006,Starter,6300,2024-08-27,2024-10-02,2024-10-04,2024-10-07,Negotiation,Closed Won,
D00292,RedwoodField Inc.,R005,Pro,18800,2025-02-08,2025-03-26,2025-04-01,2025-03-23,Negotiation,Closed Lost,Went dark
D00293,VertexPoint Inc.,R006,Starter,4900,2024-04-30,2024-06-05,2024-06-05,2024-05-22,Demo,Closed Lost,No internal champion
D00294,SummitSystems Inc.,R005,Pro,23300,2025-08-09,2025-09-24,2025-09-28,2025-09-22,Negotiation,Closed Won,
D00295,SolaceWorks Group,R012,Starter,6200,2026-03-26,2026-05-01,2026-05-05,2026-05-06,Negotiation,Closed Lost,Legal/procurement stalled
D00296,SummitPath Inc.,R001,Starter,3900,2025-05-18,2025-06-23,2025-06-23,2025-06-05,Demo,Closed Lost,No internal champion
D00297,RedwoodLabs Inc.,R006,Starter,7500,2024-04-11,2024-05-17,2024-05-18,2024-05-22,Negotiation,Closed Won,
D00298,SolaceField Co.,R011,Pro,13200,2026-06-26,2026-08-11,2026-08-12,2026-07-15,Demo,Closed Lost,No internal champion
D00299,DeltaMetrics LLC,R005,Pro,22300,2026-06-16,2026-08-01,2026-08-13,,Proposal,Open,
D00300,BrightMetrics Inc.,R012,Pro,12200,2026-02-09,2026-03-27,2026-03-27,2026-02-17,Qualified,Closed Lost,Not the right time
D00301,LumenPath Co.,R009,Enterprise,91800,2025-02-27,2025-05-07,2025-05-14,2025-04-14,Negotiation,Closed Won,
D00302,SolacePeak Inc.,R005,Pro,20100,2026-02-15,2026-04-02,2026-04-02,2026-02-24,Qualified,Closed Lost,Not the right time
D00303,OrbitPeak Inc.,R007,Starter,4400,2026-07-06,2026-08-11,2026-08-11,,Demo,Open,
D00304,BrightLoop Co.,R011,Pro,12300,2025-12-10,2026-01-25,2026-01-29,2026-01-17,Negotiation,Closed Won,
D00305,DeltaPoint Inc.,R010,Pro,24800,2026-06-20,2026-08-05,2026-08-13,,Proposal,Open,
D00306,NorthCore Inc.,R004,Enterprise,98700,2025-06-16,2025-08-24,2025-08-26,2025-07-20,Proposal,Closed Lost,Budget cut
D00307,OrbitWorks Group,R007,Starter,6800,2025-01-25,2025-03-02,2025-03-14,2025-03-15,Negotiation,Closed Won,
D00308,NorthLoop LLC,R008,Starter,3700,2025-09-27,2025-11-02,2025-11-04,2025-11-12,Negotiation,Closed Won,
D00309,RapidBridge Ltd.,R011,Enterprise,99600,2026-05-11,2026-07-19,2026-07-25,2026-06-14,Proposal,Closed Lost,Price too high
D00310,VertexWorks Inc.,R012,Pro,21800,2026-06-16,2026-08-01,2026-08-01,2026-06-18,Lead,Closed Lost,Not a fit (ICP mismatch)
D00311,ClearField Group,R005,Starter,6200,2024-05-25,2024-06-30,2024-07-10,2024-07-16,Negotiation,Closed Won,
D00312,OrbitPoint Co.,R011,Starter,5600,2026-06-02,2026-07-08,2026-07-10,2026-07-13,Negotiation,Closed Won,
D00313,ClearBridge Co.,R008,Starter,3400,2025-08-21,2025-09-26,2025-09-27,2025-09-30,Negotiation,Closed Lost,Lost to competitor
D00314,PinnacleCore Inc.,R007,Enterprise,79300,2024-11-09,2025-01-17,2025-01-19,2024-12-18,Negotiation,Closed Lost,Legal/procurement stalled
D00315,RedwoodLogic Inc.,R002,Starter,4800,2024-08-21,2024-09-26,2024-10-01,2024-09-30,Negotiation,Closed Won,
D00316,RedwoodPoint Co.,R003,Enterprise,46600,2025-06-08,2025-08-16,2025-08-21,2025-07-15,Proposal,Closed Lost,Price too high
D00317,ClearBridge Inc.,R001,Pro,19200,2026-01-25,2026-03-12,2026-03-16,2026-03-04,Negotiation,Closed Lost,Went dark
D00318,BrightGrid Co.,R011,Enterprise,33900,2025-04-07,2025-06-15,2025-06-17,2025-04-14,Lead,Closed Lost,No response
D00319,ClearCore Group,R005,Starter,4500,2026-06-04,2026-07-10,2026-07-11,2026-07-17,Negotiation,Closed Won,
D00320,IonicBridge Group,R003,Starter,7100,2024-01-08,2024-02-13,2024-02-15,2024-02-20,Negotiation,Closed Won,
D00321,IonicBridge Co.,R012,Pro,14700,2024-07-06,2024-08-21,2024-08-21,2024-07-27,Proposal,Closed Lost,Lost to competitor
D00322,LumenGrid Group,R001,Pro,9200,2025-06-02,2025-07-18,2025-07-18,2025-06-17,Demo,Closed Lost,Lost to competitor
D00323,LumenSystems Inc.,R003,Starter,3100,2026-05-11,2026-06-16,2026-06-16,2026-05-21,Demo,Closed Lost,Lost to competitor
D00324,ClearMetrics Co.,R009,Pro,20200,2026-04-10,2026-05-26,2026-05-26,2026-04-14,Lead,Closed Lost,No response
D00325,SilverWorks LLC,R004,Starter,5100,2024-09-01,2024-10-07,2024-10-14,2024-10-17,Negotiation,Closed Lost,Lost to competitor
D00326,CobaltWorks Co.,R011,Starter,4900,2026-06-06,2026-07-12,2026-07-16,2026-07-20,Negotiation,Closed Won,
D00327,CobaltLoop Co.,R012,Starter,7300,2026-06-24,2026-07-30,2026-08-01,,Negotiation,Open,
D00328,DeltaGrid Group,R012,Pro,24100,2024-08-31,2024-10-16,2024-10-20,2024-10-13,Negotiation,Closed Won,
D00329,NimbusWave LLC,R008,Starter,4000,2024-03-07,2024-04-12,2024-04-14,2024-04-16,Negotiation,Closed Won,
D00330,IonicPoint Inc.,R008,Starter,5500,2024-06-20,2024-07-26,2024-07-27,2024-06-26,Lead,Closed Lost,No response
D00331,NimbusLoop Group,R010,Pro,17400,2024-11-03,2024-12-19,2024-12-21,2024-11-21,Demo,Closed Lost,No internal champion
D00332,IonicSystems Co.,R006,Starter,4500,2026-01-30,2026-03-07,2026-03-08,2026-02-25,Proposal,Closed Lost,Lost to competitor
D00333,PinnacleCore Group,R006,Pro,19500,2026-04-20,2026-06-05,2026-06-06,2026-05-23,Negotiation,Closed Lost,Went dark
D00334,CobaltPeak Group,R007,Pro,23700,2026-01-21,2026-03-08,2026-03-08,2026-02-21,Negotiation,Closed Lost,Lost to competitor
D00335,RedwoodLogic Inc.,R008,Pro,11600,2026-04-30,2026-06-15,2026-06-18,2026-06-16,Negotiation,Closed Won,
D00336,BrightBridge Group,R001,Starter,5600,2026-06-21,2026-07-27,2026-07-29,,Proposal,Open,
D00337,NimbusLoop Ltd.,R003,Starter,3600,2026-06-28,2026-08-03,2026-08-03,,Negotiation,Open,
D00338,QuartzPeak Co.,R007,Enterprise,114400,2024-12-22,2025-03-01,2025-03-18,2025-02-22,Negotiation,Closed Won,
D00339,QuartzLabs Group,R012,Starter,5200,2026-07-09,2026-08-14,2026-08-14,,Demo,Open,
D00340,VertexWave Inc.,R006,Enterprise,113500,2026-07-13,2026-09-20,2026-09-21,,Demo,Open,
D00341,CobaltPoint LLC,R004,Pro,10000,2025-08-29,2025-10-14,2025-10-14,2025-10-07,Negotiation,Closed Won,
D00342,NorthMetrics Co.,R011,Pro,18200,2025-05-26,2025-07-11,2025-07-13,2025-07-06,Negotiation,Closed Won,
D00343,DeltaLoop Group,R007,Starter,7100,2026-01-14,2026-02-19,2026-02-19,2026-01-19,Lead,Closed Lost,No response
D00344,RedwoodWave Co.,R007,Starter,5600,2026-02-14,2026-03-22,2026-04-10,2026-04-20,Negotiation,Closed Lost,Legal/procurement stalled
D00345,HarborBridge LLC,R011,Pro,23700,2025-03-13,2025-04-28,2025-04-30,2025-03-31,Demo,Closed Lost,Lost to competitor
D00346,IonicField Ltd.,R011,Pro,21200,2024-06-25,2024-08-10,2024-08-15,2024-08-15,Negotiation,Closed Won,
D00347,ClearLabs Inc.,R002,Pro,22700,2026-05-27,2026-07-12,2026-07-13,2026-06-09,Qualified,Closed Lost,No budget
D00348,PinnacleField LLC,R012,Starter,5800,2026-07-01,2026-08-06,2026-08-06,2026-07-04,Qualified,Closed Lost,No budget
D00349,ClearGrid LLC,R007,Enterprise,87500,2024-06-24,2024-09-01,2024-09-02,2024-07-22,Proposal,Closed Lost,Price too high
D00350,PinnacleStream Co.,R003,Pro,11700,2024-08-08,2024-09-23,2024-09-23,2024-09-13,Negotiation,Closed Won,
D00351,AnchorStream Group,R006,Enterprise,66200,2024-06-06,2024-08-14,2024-08-26,2024-07-25,Negotiation,Closed Won,
D00352,HarborGrid LLC,R012,Pro,12800,2026-05-30,2026-07-15,2026-07-15,2026-06-01,Lead,Closed Lost,No response
D00353,PinnacleSystems Co.,R009,Pro,23000,2025-11-25,2026-01-10,2026-01-11,2026-01-01,Negotiation,Closed Won,
D00354,SilverLoop Inc.,R002,Enterprise,63600,2026-05-28,2026-08-05,2026-08-08,2026-07-08,Negotiation,Closed Won,
D00355,DeltaMetrics Co.,R012,Starter,5100,2026-05-01,2026-06-06,2026-06-18,2026-06-26,Negotiation,Closed Lost,Lost to competitor
D00356,HarborWorks Inc.,R002,Starter,5400,2026-05-21,2026-06-26,2026-07-04,2026-07-07,Negotiation,Closed Won,
D00357,CobaltLoop Group,R004,Starter,5600,2026-06-17,2026-07-23,2026-07-23,2026-07-18,Negotiation,Closed Lost,Lost to competitor
D00358,HarborGrid Inc.,R001,Starter,4000,2026-07-11,2026-08-16,2026-08-16,,Demo,Open,
D00359,RapidLabs Group,R001,Starter,4700,2026-03-22,2026-04-27,2026-05-01,2026-04-19,Proposal,Closed Lost,Lost to competitor
D00360,IonicCore LLC,R002,Pro,16500,2026-07-15,2026-08-30,2026-08-30,,Demo,Open,
D00361,ClearField Group,R004,Starter,5400,2024-08-24,2024-09-29,2024-10-01,2024-09-13,Demo,Closed Lost,No internal champion
D00362,CobaltLabs Ltd.,R002,Starter,4300,2025-09-13,2025-10-19,2025-10-19,2025-10-14,Proposal,Closed Lost,Price too high
D00363,FusionMetrics LLC,R011,Pro,11300,2026-06-30,2026-08-15,2026-08-17,,Proposal,Open,
D00364,ClearSystems Group,R002,Enterprise,31400,2026-01-04,2026-03-14,2026-03-14,2026-01-13,Qualified,Closed Lost,No budget
D00365,CobaltMetrics LLC,R009,Enterprise,40700,2025-06-29,2025-09-06,2025-09-08,2025-08-04,Negotiation,Closed Lost,Lost to competitor
D00366,SolaceWorks LLC,R001,Pro,12200,2024-10-03,2024-11-18,2024-11-18,2024-10-08,Lead,Closed Lost,No response
D00367,RapidSystems LLC,R009,Starter,3700,2026-07-15,2026-08-20,2026-08-21,2026-07-21,Lead,Closed Lost,No response
D00368,VertexBridge Co.,R009,Pro,22800,2026-04-18,2026-06-03,2026-06-04,2026-05-31,Negotiation,Closed Lost,Went dark
D00369,IonicPeak Group,R003,Starter,5500,2026-04-15,2026-05-21,2026-05-22,2026-04-28,Qualified,Closed Lost,No budget
D00370,LumenPoint Co.,R002,Pro,10300,2025-02-16,2025-04-03,2025-04-07,2025-04-03,Negotiation,Closed Lost,Legal/procurement stalled
D00371,SilverCore LLC,R003,Starter,5700,2025-05-05,2025-06-10,2025-06-10,2025-05-09,Lead,Closed Lost,Not a fit (ICP mismatch)
D00372,PinnacleWorks Ltd.,R003,Starter,4100,2026-06-08,2026-07-14,2026-07-17,2026-07-19,Negotiation,Closed Lost,Went dark
D00373,SilverStream Group,R003,Enterprise,90300,2026-06-09,2026-08-17,2026-08-22,,Negotiation,Open,
D00374,RapidSystems Inc.,R003,Starter,8000,2024-10-12,2024-11-17,2024-11-19,2024-11-24,Negotiation,Closed Won,
D00375,SilverSystems Co.,R004,Enterprise,26600,2026-04-16,2026-06-24,2026-07-01,2026-05-23,Proposal,Closed Lost,Price too high
D00376,BrightField Inc.,R012,Enterprise,60300,2024-01-27,2024-04-05,2024-04-17,2024-03-20,Negotiation,Closed Won,
D00377,HarborStream Inc.,R001,Pro,11000,2026-07-07,2026-08-22,2026-08-24,,Proposal,Open,
D00378,NorthPeak LLC,R012,Enterprise,82500,2026-05-09,2026-07-17,2026-07-23,2026-06-20,Negotiation,Closed Lost,Lost to competitor
D00379,PinnacleLogic Co.,R010,Starter,7900,2026-06-27,2026-08-02,2026-08-15,,Proposal,Open,
D00380,FusionStream Group,R008,Pro,22500,2026-06-03,2026-07-19,2026-07-20,2026-07-09,Negotiation,Closed Won,
D00381,SummitMetrics LLC,R007,Starter,8000,2026-07-12,2026-08-17,2026-08-19,,Demo,Open,
D00382,HarborLoop Ltd.,R010,Starter,3400,2026-05-21,2026-06-26,2026-06-26,2026-06-07,Demo,Closed Lost,No internal champion
D00383,AnchorLoop Co.,R008,Starter,7200,2024-05-12,2024-06-17,2024-06-17,2024-05-30,Demo,Closed Lost,Lost to competitor
D00384,QuartzGrid Group,R002,Starter,7400,2026-05-24,2026-06-29,2026-07-02,2026-07-01,Negotiation,Closed Won,
D00385,OrbitField Co.,R006,Pro,24800,2026-05-13,2026-06-28,2026-06-28,2026-05-19,Qualified,Closed Lost,Not the right time
D00386,ClearWave Ltd.,R005,Starter,4500,2026-04-24,2026-05-30,2026-06-01,2026-06-03,Negotiation,Closed Lost,Legal/procurement stalled
D00387,IonicSystems Ltd.,R011,Enterprise,114200,2024-11-27,2025-02-04,2025-02-14,2025-01-16,Negotiation,Closed Lost,Lost to competitor
D00388,SummitCore Group,R007,Starter,4000,2025-09-07,2025-10-13,2025-10-14,2025-10-19,Negotiation,Closed Won,
D00389,RapidLogic Group,R011,Pro,15400,2026-05-15,2026-06-30,2026-07-09,2026-07-06,Negotiation,Closed Won,
D00390,PinnaclePoint Ltd.,R004,Enterprise,115300,2024-04-27,2024-07-05,2024-07-19,2024-06-20,Negotiation,Closed Won,
D00391,OrbitPoint Ltd.,R010,Enterprise,48000,2024-06-23,2024-08-31,2024-09-02,2024-08-03,Negotiation,Closed Won,
D00392,LumenLabs LLC,R004,Starter,3100,2026-05-27,2026-07-02,2026-07-05,2026-06-11,Qualified,Closed Lost,No budget
D00393,SilverGrid LLC,R004,Starter,5700,2026-07-08,2026-08-13,2026-08-14,,Demo,Open,
D00394,FusionBridge Ltd.,R002,Starter,7200,2024-07-03,2024-08-08,2024-08-13,2024-08-12,Negotiation,Closed Lost,Went dark
D00395,QuartzLabs LLC,R003,Pro,12300,2024-01-06,2024-02-21,2024-02-24,2024-02-06,Proposal,Closed Lost,Budget cut
D00396,VertexBridge Co.,R008,Starter,7700,2026-04-08,2026-05-14,2026-05-15,2026-05-16,Negotiation,Closed Won,
D00397,ClearBridge Ltd.,R005,Pro,13000,2025-06-07,2025-07-23,2025-07-25,2025-07-09,Proposal,Closed Lost,Lost to competitor
D00398,DeltaPoint LLC,R004,Pro,14600,2026-07-09,2026-08-24,2026-08-26,,Demo,Open,
D00399,AnchorField LLC,R008,Pro,24800,2026-04-22,2026-06-07,2026-06-19,2026-06-17,Negotiation,Closed Won,
D00400,CobaltWave LLC,R002,Pro,13300,2025-02-13,2025-03-31,2025-04-01,2025-03-02,Demo,Closed Lost,Lost to competitor
D00401,OrbitMetrics Inc.,R007,Starter,3400,2026-01-11,2026-02-16,2026-02-17,2026-01-17,Lead,Closed Lost,Not a fit (ICP mismatch)
D00402,NimbusPeak Inc.,R002,Starter,6400,2026-05-24,2026-06-29,2026-07-01,2026-07-03,Negotiation,Closed Won,
D00403,LumenPoint Group,R012,Starter,5800,2024-10-30,2024-12-05,2024-12-05,2024-11-07,Qualified,Closed Lost,No budget
D00404,SilverPeak Inc.,R006,Starter,6000,2026-04-29,2026-06-04,2026-06-11,2026-06-13,Negotiation,Closed Lost,Lost to competitor
D00405,IonicWave Inc.,R005,Starter,6300,2024-07-10,2024-08-15,2024-08-18,2024-08-23,Negotiation,Closed Won,
D00406,AnchorPoint Co.,R004,Starter,7500,2024-04-23,2024-05-29,2024-05-29,2024-05-28,Negotiation,Closed Won,
D00407,BrightStream LLC,R002,Starter,4700,2026-07-12,2026-08-17,2026-08-21,,Qualified,Open,
D00408,DeltaMetrics Ltd.,R001,Pro,12200,2025-08-20,2025-10-05,2025-10-06,2025-09-28,Negotiation,Closed Won,
D00409,FusionPeak Inc.,R010,Pro,12600,2026-05-27,2026-07-12,2026-07-13,2026-06-08,Qualified,Closed Lost,Not the right time
D00410,SilverPath Group,R011,Starter,4400,2026-06-03,2026-07-09,2026-07-18,,Negotiation,Open,
D00411,QuartzGrid Inc.,R008,Pro,16900,2024-05-30,2024-07-15,2024-07-22,2024-07-13,Negotiation,Closed Won,
D00412,VertexField Ltd.,R012,Starter,5900,2024-05-26,2024-07-01,2024-07-01,2024-06-28,Negotiation,Closed Won,
D00413,FusionGrid Ltd.,R009,Starter,6900,2025-04-17,2025-05-23,2025-05-23,2025-05-23,Negotiation,Closed Won,
D00414,PinnacleSystems Inc.,R005,Starter,7200,2025-08-02,2025-09-07,2025-09-07,2025-08-26,Proposal,Closed Lost,Budget cut
D00415,PinnacleBridge Group,R003,Pro,24400,2025-06-12,2025-07-28,2025-07-28,2025-07-11,Proposal,Closed Lost,Price too high
D00416,HarborLoop Inc.,R005,Starter,7900,2026-05-01,2026-06-06,2026-06-07,2026-06-07,Negotiation,Closed Won,
D00417,PinnacleWave Co.,R007,Starter,4400,2026-04-13,2026-05-19,2026-05-23,2026-05-20,Negotiation,Closed Won,
D00418,RedwoodStream LLC,R011,Pro,13800,2024-12-26,2025-02-10,2025-02-13,2025-01-27,Proposal,Closed Lost,Lost to competitor
D00419,FusionStream Inc.,R007,Starter,3100,2026-04-29,2026-06-04,2026-06-16,2026-06-19,Negotiation,Closed Won,
D00420,QuartzPoint Inc.,R002,Pro,14400,2024-11-24,2025-01-09,2025-01-11,2025-01-05,Negotiation,Closed Won,
D00421,RapidPath Ltd.,R012,Enterprise,94200,2025-11-29,2026-02-06,2026-02-18,2026-01-11,Proposal,Closed Lost,Lost to competitor
D00422,CobaltPeak Ltd.,R004,Pro,12900,2024-01-24,2024-03-10,2024-03-13,2024-03-08,Negotiation,Closed Lost,Lost to competitor
D00423,PinnaclePeak LLC,R011,Enterprise,30900,2024-12-03,2025-02-10,2025-02-12,2025-01-08,Proposal,Closed Lost,Lost to competitor
D00424,CobaltLoop Group,R004,Starter,3300,2024-11-06,2024-12-12,2024-12-14,2024-11-20,Qualified,Closed Lost,Not the right time
D00425,CobaltBridge Co.,R008,Starter,6100,2024-04-28,2024-06-03,2024-06-21,2024-06-16,Proposal,Closed Lost,Price too high
D00426,DeltaSystems Ltd.,R006,Pro,23100,2024-11-17,2025-01-02,2025-01-07,2024-12-30,Negotiation,Closed Won,
D00427,NorthField LLC,R006,Enterprise,92000,2024-02-25,2024-05-04,2024-05-09,2024-04-05,Proposal,Closed Lost,Lost to competitor
D00428,SolaceLoop Group,R002,Starter,7300,2024-11-03,2024-12-09,2024-12-10,2024-12-05,Negotiation,Closed Won,
D00429,AnchorWorks Ltd.,R001,Pro,17400,2026-01-23,2026-03-10,2026-03-15,2026-03-08,Negotiation,Closed Won,
D00430,OrbitMetrics Ltd.,R005,Starter,6300,2025-09-22,2025-10-28,2025-10-28,2025-10-15,Proposal,Closed Lost,Price too high
D00431,NorthSystems LLC,R008,Starter,6800,2024-03-06,2024-04-11,2024-04-18,2024-04-02,Demo,Closed Lost,Lost to competitor
D00432,FusionBridge LLC,R011,Pro,22400,2024-01-17,2024-03-03,2024-03-14,2024-03-09,Negotiation,Closed Won,
D00433,RapidStream Ltd.,R006,Starter,7700,2024-06-13,2024-07-19,2024-07-21,2024-07-11,Proposal,Closed Lost,Price too high
D00434,PinnacleWave LLC,R009,Pro,17200,2025-10-07,2025-11-22,2025-11-23,2025-11-17,Negotiation,Closed Lost,Legal/procurement stalled
D00435,BrightGrid Inc.,R004,Starter,5100,2025-09-11,2025-10-17,2025-10-28,2025-11-04,Negotiation,Closed Won,
D00436,LumenMetrics Group,R009,Pro,16000,2026-02-22,2026-04-09,2026-04-12,2026-04-10,Negotiation,Closed Lost,Went dark
D00437,NimbusWorks Inc.,R007,Starter,5400,2026-01-28,2026-03-05,2026-03-10,2026-03-05,Proposal,Closed Lost,Lost to competitor
D00438,LumenPeak Co.,R009,Pro,22300,2026-07-07,2026-08-22,2026-08-22,,Proposal,Open,
D00439,FusionPeak LLC,R010,Pro,23700,2024-09-22,2024-11-07,2024-11-11,2024-10-17,Demo,Closed Lost,Lost to competitor
D00440,VertexSystems LLC,R007,Pro,16900,2025-08-07,2025-09-22,2025-10-09,2025-10-07,Negotiation,Closed Won,
D00441,ClearPath Group,R007,Starter,6500,2024-02-09,2024-03-16,2024-03-25,2024-04-01,Negotiation,Closed Lost,Legal/procurement stalled
D00442,SilverPeak Inc.,R010,Starter,3900,2026-06-26,2026-08-01,2026-08-02,,Proposal,Open,
D00443,BrightField LLC,R005,Starter,5200,2026-07-07,2026-08-12,2026-08-17,,Demo,Open,
D00444,SolaceStream LLC,R007,Starter,6900,2026-06-30,2026-08-05,2026-08-05,,Proposal,Open,
D00445,IonicPeak Ltd.,R001,Enterprise,27000,2026-06-24,2026-09-01,2026-09-05,,Proposal,Open,
D00446,IonicPath Inc.,R001,Pro,20800,2024-01-14,2024-02-29,2024-03-11,2024-03-09,Negotiation,Closed Won,
D00447,NimbusSystems Group,R010,Enterprise,34100,2025-07-08,2025-09-15,2025-09-15,2025-08-10,Negotiation,Closed Won,
D00448,RapidPath Group,R009,Pro,15700,2026-02-20,2026-04-07,2026-04-09,2026-03-30,Negotiation,Closed Won,
D00449,IonicSystems Inc.,R012,Starter,3800,2024-11-14,2024-12-20,2024-12-25,2024-12-23,Proposal,Closed Lost,Price too high
D00450,ClearLogic Ltd.,R001,Starter,6700,2026-02-14,2026-03-22,2026-03-25,2026-03-30,Negotiation,Closed Lost,Legal/procurement stalled
D00451,DeltaWave Inc.,R009,Pro,16000,2025-01-15,2025-03-02,2025-03-04,2025-02-13,Proposal,Closed Lost,Lost to competitor
D00452,OrbitField Group,R003,Starter,6200,2025-08-31,2025-10-06,2025-10-06,2025-09-03,Lead,Closed Lost,Not a fit (ICP mismatch)
D00453,ClearWave Ltd.,R006,Pro,14900,2024-11-09,2024-12-25,2024-12-25,2024-12-16,Negotiation,Closed Lost,Lost to competitor
D00454,OrbitSystems Co.,R008,Enterprise,55700,2026-05-07,2026-07-15,2026-07-16,2026-06-11,Negotiation,Closed Won,
D00455,LumenLogic LLC,R008,Pro,21400,2025-07-27,2025-09-11,2025-09-11,2025-07-30,Lead,Closed Lost,No response
D00456,DeltaWave LLC,R010,Pro,25000,2024-08-06,2024-09-21,2024-09-21,2024-08-12,Qualified,Closed Lost,Not the right time
D00457,OrbitLabs Inc.,R001,Pro,8600,2025-05-29,2025-07-14,2025-07-14,2025-06-03,Lead,Closed Lost,No response
D00458,SolaceMetrics Co.,R001,Enterprise,113100,2026-04-23,2026-07-01,2026-07-02,2026-05-04,Qualified,Closed Lost,No budget
D00459,NorthWave Co.,R003,Starter,7200,2024-06-30,2024-08-05,2024-08-21,2024-08-19,Negotiation,Closed Won,
D00460,QuartzWorks Inc.,R003,Pro,9400,2025-05-28,2025-07-13,2025-07-13,2025-06-03,Qualified,Closed Lost,Not the right time
D00461,AnchorPath Group,R012,Starter,7700,2025-08-04,2025-09-09,2025-09-16,2025-09-22,Negotiation,Closed Won,
D00462,AnchorPeak LLC,R005,Starter,4600,2024-07-01,2024-08-06,2024-08-06,2024-07-30,Negotiation,Closed Won,
D00463,DeltaWorks Inc.,R009,Pro,21500,2025-05-30,2025-07-15,2025-07-19,2025-07-13,Negotiation,Closed Won,
D00464,PinnacleWave Group,R005,Starter,5700,2026-05-31,2026-07-06,2026-07-06,2026-06-15,Demo,Closed Lost,Lost to competitor
D00465,AnchorField Inc.,R010,Starter,3100,2024-10-02,2024-11-07,2024-11-11,2024-11-14,Negotiation,Closed Lost,Lost to competitor
D00466,IonicStream Group,R007,Starter,4200,2026-05-12,2026-06-17,2026-06-30,2026-07-09,Negotiation,Closed Won,
D00467,NimbusPath LLC,R008,Pro,24500,2024-12-21,2025-02-05,2025-02-07,2025-01-25,Negotiation,Closed Won,
D00468,CobaltStream Ltd.,R003,Starter,6400,2025-03-07,2025-04-12,2025-04-15,2025-03-22,Qualified,Closed Lost,Not the right time
D00469,RedwoodField Co.,R001,Pro,24300,2025-04-10,2025-05-26,2025-06-02,2025-05-30,Negotiation,Closed Won,
D00470,SummitField LLC,R012,Enterprise,66300,2025-09-21,2025-11-29,2025-11-29,2025-10-08,Demo,Closed Lost,No internal champion
D00471,SilverLoop Ltd.,R006,Starter,3200,2025-04-02,2025-05-08,2025-05-11,2025-05-17,Negotiation,Closed Lost,Legal/procurement stalled
D00472,IonicField Co.,R006,Enterprise,96200,2024-03-21,2024-05-29,2024-05-31,2024-04-26,Negotiation,Closed Won,
D00473,QuartzPath LLC,R001,Pro,23500,2025-11-18,2026-01-03,2026-01-09,2025-12-31,Negotiation,Closed Won,
D00474,AnchorField LLC,R008,Starter,7300,2024-12-20,2025-01-25,2025-01-25,2025-01-06,Demo,Closed Lost,No internal champion
D00475,SummitPoint Co.,R001,Starter,5900,2025-04-23,2025-05-29,2025-05-30,2025-05-21,Proposal,Closed Lost,Lost to competitor
D00476,LumenLabs Co.,R007,Pro,14000,2026-01-22,2026-03-09,2026-03-21,2026-03-14,Negotiation,Closed Won,
D00477,CobaltStream Ltd.,R007,Pro,15100,2024-04-10,2024-05-26,2024-05-26,2024-04-13,Lead,Closed Lost,Not a fit (ICP mismatch)
D00478,ClearStream Group,R010,Pro,14900,2024-03-23,2024-05-08,2024-05-10,2024-05-05,Negotiation,Closed Lost,Lost to competitor
D00479,QuartzWave Ltd.,R010,Starter,4200,2025-12-01,2026-01-06,2026-01-10,2026-01-08,Negotiation,Closed Won,
D00480,FusionLoop LLC,R012,Starter,5400,2025-06-30,2025-08-05,2025-08-08,2025-08-03,Proposal,Closed Lost,Price too high
D00481,AnchorBridge Group,R008,Starter,3500,2026-05-17,2026-06-22,2026-06-27,2026-06-28,Negotiation,Closed Lost,Legal/procurement stalled
D00482,PinnacleSystems Ltd.,R012,Pro,10200,2024-06-07,2024-07-23,2024-07-27,2024-06-23,Qualified,Closed Lost,Not the right time
D00483,LumenStream Inc.,R003,Enterprise,86200,2025-09-25,2025-12-03,2025-12-08,2025-11-05,Negotiation,Closed Lost,Went dark
D00484,OrbitCore LLC,R009,Enterprise,95400,2026-05-16,2026-07-24,2026-07-25,2026-06-22,Negotiation,Closed Lost,Legal/procurement stalled
D00485,RedwoodLoop Inc.,R012,Pro,9100,2026-05-10,2026-06-25,2026-06-27,2026-06-15,Negotiation,Closed Won,
D00486,PinnacleBridge Group,R011,Starter,7000,2025-03-29,2025-05-04,2025-05-11,2025-05-18,Negotiation,Closed Won,
D00487,SolaceLabs Co.,R007,Pro,9600,2026-04-24,2026-06-09,2026-06-13,2026-06-09,Negotiation,Closed Lost,Lost to competitor
D00488,BrightPoint Co.,R008,Pro,21400,2025-06-12,2025-07-28,2025-07-29,2025-07-24,Negotiation,Closed Won,
D00489,RapidField Ltd.,R005,Pro,8400,2026-05-18,2026-07-03,2026-07-06,2026-07-01,Negotiation,Closed Won,
D00490,DeltaPoint LLC,R002,Starter,4700,2024-03-01,2024-04-06,2024-04-10,2024-04-13,Negotiation,Closed Lost,Lost to competitor
D00491,IonicLoop Group,R012,Enterprise,42500,2025-04-01,2025-06-09,2025-06-09,2025-04-10,Qualified,Closed Lost,No budget
D00492,RedwoodWave Ltd.,R001,Pro,9000,2026-03-28,2026-05-13,2026-05-16,2026-04-18,Demo,Closed Lost,Lost to competitor
D00493,LumenCore Group,R003,Pro,22400,2025-06-28,2025-08-13,2025-08-14,2025-07-14,Demo,Closed Lost,No internal champion
D00494,SolacePoint Inc.,R010,Starter,6100,2025-02-15,2025-03-23,2025-03-25,2025-03-24,Negotiation,Closed Lost,Legal/procurement stalled
D00495,RedwoodPoint Inc.,R006,Enterprise,56100,2025-07-07,2025-09-14,2025-09-16,2025-08-12,Negotiation,Closed Lost,Went dark
D00496,AnchorPoint Inc.,R009,Enterprise,93800,2026-05-08,2026-07-16,2026-07-18,2026-06-17,Negotiation,Closed Won,
D00497,AnchorWorks Ltd.,R011,Starter,8000,2026-05-18,2026-06-23,2026-06-24,2026-06-18,Proposal,Closed Lost,Price too high
D00498,SolaceSystems Ltd.,R007,Starter,7700,2024-06-10,2024-07-16,2024-07-26,2024-07-28,Negotiation,Closed Won,
D00499,RedwoodPeak Co.,R001,Starter,4100,2026-04-28,2026-06-03,2026-06-03,2026-05-27,Negotiation,Closed Won,
D00500,HarborLabs Inc.,R003,Starter,3400,2026-05-02,2026-06-07,2026-06-07,2026-06-06,Negotiation,Closed Won,
D00501,OrbitWorks Group,R001,Starter,3200,2024-07-05,2024-08-10,2024-08-10,2024-08-13,Negotiation,Closed Won,
D00502,SilverPeak Group,R011,Starter,7300,2025-04-12,2025-05-18,2025-05-18,2025-04-16,Lead,Closed Lost,Not a fit (ICP mismatch)
D00503,NorthLogic Ltd.,R009,Pro,10100,2024-05-03,2024-06-18,2024-06-22,2024-06-18,Negotiation,Closed Won,
D00504,BrightWave LLC,R012,Enterprise,75400,2024-08-23,2024-10-31,2024-11-02,2024-10-04,Negotiation,Closed Won,
D00505,RedwoodLabs Co.,R005,Starter,6700,2025-11-15,2025-12-21,2025-12-23,2025-12-27,Negotiation,Closed Won,
D00506,SummitMetrics Group,R011,Starter,4600,2026-05-04,2026-06-09,2026-06-23,2026-06-28,Negotiation,Closed Won,
D00507,NimbusPeak Ltd.,R009,Starter,8000,2024-08-18,2024-09-23,2024-10-01,2024-10-05,Negotiation,Closed Lost,Lost to competitor
D00508,FusionLabs Group,R007,Pro,9800,2025-08-28,2025-10-13,2025-10-24,2025-10-21,Negotiation,Closed Won,
D00509,OrbitWorks LLC,R009,Starter,5000,2025-08-10,2025-09-15,2025-09-16,2025-08-31,Demo,Closed Lost,No internal champion
D00510,HarborWorks Ltd.,R005,Starter,3200,2024-09-11,2024-10-17,2024-10-20,2024-10-22,Negotiation,Closed Won,
D00511,VertexSystems Ltd.,R007,Starter,7300,2024-07-09,2024-08-14,2024-08-14,2024-08-07,Proposal,Closed Lost,Price too high
D00512,RapidPeak Co.,R007,Enterprise,38800,2025-11-10,2026-01-18,2026-01-23,2025-12-30,Negotiation,Closed Won,
D00513,FusionWave Co.,R004,Starter,4500,2026-04-11,2026-05-17,2026-05-17,2026-05-14,Negotiation,Closed Lost,Legal/procurement stalled
D00514,LumenBridge Ltd.,R012,Starter,5700,2026-04-27,2026-06-02,2026-06-10,2026-06-08,Proposal,Closed Lost,Budget cut
D00515,DeltaPeak Ltd.,R001,Pro,17500,2024-06-24,2024-08-09,2024-08-17,2024-08-14,Negotiation,Closed Won,
D00516,RedwoodSystems Group,R007,Starter,5700,2025-06-04,2025-07-10,2025-07-11,2025-07-13,Negotiation,Closed Lost,Went dark
D00517,SilverCore LLC,R012,Pro,22400,2025-01-25,2025-03-12,2025-03-12,2025-02-14,Demo,Closed Lost,No internal champion
D00518,AnchorPath Ltd.,R001,Enterprise,30600,2026-07-02,2026-09-09,2026-09-09,2026-07-07,Lead,Closed Lost,No response
D00519,SilverLogic LLC,R002,Enterprise,42900,2026-05-29,2026-08-06,2026-08-12,2026-07-07,Proposal,Closed Lost,Budget cut
D00520,NimbusLogic Ltd.,R006,Pro,18000,2024-04-20,2024-06-05,2024-06-08,2024-05-30,Negotiation,Closed Lost,Lost to competitor
D00521,NimbusWave LLC,R002,Pro,13400,2026-06-21,2026-08-06,2026-08-06,2026-07-09,Demo,Closed Lost,Lost to competitor
D00522,IonicSystems Ltd.,R007,Starter,8000,2025-09-16,2025-10-22,2025-10-23,2025-10-24,Negotiation,Closed Won,
D00523,FusionMetrics Group,R009,Starter,6500,2024-07-01,2024-08-06,2024-08-12,2024-08-11,Negotiation,Closed Won,
D00524,LumenGrid Co.,R010,Starter,6300,2026-05-04,2026-06-09,2026-06-12,2026-06-17,Negotiation,Closed Won,
D00525,ClearGrid Ltd.,R002,Starter,7000,2026-04-30,2026-06-05,2026-06-10,2026-06-08,Proposal,Closed Lost,Lost to competitor
D00526,ClearMetrics Inc.,R008,Starter,4100,2025-04-25,2025-05-31,2025-06-01,2025-05-29,Negotiation,Closed Won,
D00527,RapidPath Group,R005,Pro,11800,2024-06-05,2024-07-21,2024-07-24,2024-07-16,Negotiation,Closed Lost,Lost to competitor
D00528,CobaltField Co.,R007,Pro,10000,2026-04-23,2026-06-08,2026-06-11,2026-06-04,Negotiation,Closed Won,
D00529,PinnaclePeak Co.,R005,Enterprise,60000,2025-02-01,2025-04-11,2025-04-14,2025-03-11,Negotiation,Closed Won,
D00530,DeltaCore Co.,R010,Starter,7400,2026-05-10,2026-06-15,2026-06-16,2026-06-08,Proposal,Closed Lost,Price too high
D00531,VertexWave Inc.,R007,Starter,5200,2025-06-13,2025-07-19,2025-08-07,2025-08-05,Negotiation,Closed Won,
D00532,SummitCore Ltd.,R006,Enterprise,54800,2026-04-22,2026-06-30,2026-07-01,2026-05-22,Negotiation,Closed Won,
D00533,FusionWave Co.,R005,Pro,23400,2025-12-17,2026-02-01,2026-02-02,2026-01-18,Negotiation,Closed Won,
D00534,SummitWorks LLC,R011,Starter,3700,2026-05-24,2026-06-29,2026-06-29,2026-06-08,Demo,Closed Lost,No internal champion
D00535,RedwoodPath LLC,R009,Enterprise,27200,2026-05-21,2026-07-29,2026-07-29,2026-06-04,Demo,Closed Lost,Lost to competitor
D00536,FusionSystems LLC,R008,Starter,3200,2026-07-15,2026-08-20,2026-08-21,,Qualified,Open,
D00537,DeltaPoint Ltd.,R005,Starter,7600,2025-05-15,2025-06-20,2025-07-07,2025-06-30,Proposal,Closed Lost,Price too high
D00538,PinnaclePeak Group,R011,Enterprise,117100,2026-06-29,2026-09-06,2026-09-09,,Proposal,Open,
D00539,RedwoodField Ltd.,R008,Pro,11200,2025-12-26,2026-02-10,2026-02-14,2026-02-10,Negotiation,Closed Won,
D00540,FusionMetrics Inc.,R005,Starter,4300,2025-10-17,2025-11-22,2025-11-23,2025-10-27,Qualified,Closed Lost,Not the right time
D00541,NorthSystems LLC,R007,Starter,6800,2026-04-17,2026-05-23,2026-05-24,2026-05-23,Negotiation,Closed Won,
D00542,ClearWave Inc.,R008,Starter,7000,2026-06-20,2026-07-26,2026-07-26,2026-07-21,Negotiation,Closed Won,
D00543,BrightField Co.,R005,Starter,3100,2024-06-02,2024-07-08,2024-07-14,2024-07-20,Negotiation,Closed Won,
D00544,DeltaStream LLC,R011,Pro,18400,2024-11-14,2024-12-30,2025-01-06,2025-01-01,Negotiation,Closed Won,
D00545,PinnacleBridge Group,R003,Enterprise,99300,2026-07-12,2026-09-19,2026-09-20,,Demo,Open,
D00546,CobaltLogic LLC,R012,Starter,5200,2026-07-01,2026-08-06,2026-08-10,,Demo,Open,
D00547,CobaltBridge Group,R006,Pro,17100,2025-05-11,2025-06-26,2025-07-09,2025-07-06,Negotiation,Closed Won,
D00548,NorthLabs LLC,R008,Pro,9800,2025-08-31,2025-10-16,2025-10-18,2025-10-11,Negotiation,Closed Won,
D00549,HarborSystems Co.,R010,Starter,5600,2026-02-13,2026-03-21,2026-03-29,2026-03-20,Proposal,Closed Lost,Lost to competitor
D00550,IonicCore Inc.,R004,Starter,3600,2024-04-01,2024-05-07,2024-05-13,2024-05-14,Negotiation,Closed Won,
D00551,DeltaPeak LLC,R001,Starter,5900,2026-06-30,2026-08-05,2026-08-07,,Proposal,Open,
D00552,RapidStream LLC,R002,Pro,15700,2025-02-06,2025-03-24,2025-03-26,2025-03-15,Negotiation,Closed Won,
D00553,AnchorBridge Group,R005,Starter,7100,2026-04-19,2026-05-25,2026-05-30,2026-06-06,Negotiation,Closed Won,
D00554,NimbusGrid Inc.,R002,Starter,4100,2024-06-12,2024-07-18,2024-07-24,2024-07-25,Negotiation,Closed Won,
D00555,AnchorSystems Group,R008,Enterprise,80100,2026-05-16,2026-07-24,2026-07-28,2026-06-10,Proposal,Closed Lost,Lost to competitor
D00556,QuartzSystems Group,R001,Pro,24400,2026-05-20,2026-07-05,2026-07-07,2026-05-27,Lead,Closed Lost,No response
D00557,FusionLoop Inc.,R012,Starter,4800,2026-01-02,2026-02-07,2026-02-07,2026-02-06,Negotiation,Closed Won,
D00558,SolaceWorks Ltd.,R003,Starter,4800,2026-06-25,2026-07-31,2026-08-01,2026-07-01,Lead,Closed Lost,Not a fit (ICP mismatch)
D00559,FusionCore Group,R003,Enterprise,79500,2026-02-01,2026-04-11,2026-04-17,2026-03-16,Negotiation,Closed Won,
D00560,BrightPath Inc.,R007,Starter,4800,2026-04-19,2026-05-25,2026-06-21,2026-07-01,Negotiation,Closed Won,
D00561,HarborLogic Ltd.,R003,Pro,19600,2024-07-31,2024-09-15,2024-09-18,2024-09-08,Negotiation,Closed Lost,Went dark
D00562,SolaceLoop Inc.,R012,Pro,23000,2025-03-08,2025-04-23,2025-04-24,2025-04-08,Negotiation,Closed Won,
D00563,ClearBridge Group,R010,Enterprise,99200,2026-05-02,2026-07-10,2026-07-18,2026-06-17,Negotiation,Closed Lost,Lost to competitor
D00564,QuartzWave Group,R012,Pro,23400,2026-06-04,2026-07-20,2026-07-24,2026-07-20,Negotiation,Closed Won,
D00565,SilverCore Inc.,R007,Pro,15200,2024-10-12,2024-11-27,2024-12-08,2024-12-02,Negotiation,Closed Lost,Went dark
D00566,QuartzLabs Ltd.,R005,Starter,6500,2026-05-04,2026-06-09,2026-06-12,2026-06-04,Proposal,Closed Lost,Lost to competitor
D00567,RapidSystems Co.,R003,Pro,22600,2024-03-13,2024-04-28,2024-05-05,2024-04-30,Negotiation,Closed Won,
D00568,CobaltLogic Inc.,R009,Enterprise,86400,2026-03-20,2026-05-28,2026-05-28,2026-03-31,Qualified,Closed Lost,No budget
D00569,PinnacleStream Inc.,R005,Pro,21700,2025-02-06,2025-03-24,2025-03-28,2025-03-24,Negotiation,Closed Won,
D00570,ClearLogic Group,R005,Enterprise,81500,2024-10-01,2024-12-09,2024-12-09,2024-11-03,Negotiation,Closed Won,
D00571,OrbitMetrics Group,R002,Pro,22900,2024-06-26,2024-08-11,2024-08-12,2024-07-24,Negotiation,Closed Lost,Lost to competitor
D00572,OrbitWave Ltd.,R010,Pro,16700,2025-07-17,2025-09-01,2025-09-02,2025-08-03,Demo,Closed Lost,Lost to competitor
D00573,HarborPeak Ltd.,R002,Enterprise,90200,2024-05-10,2024-07-18,2024-07-18,2024-06-14,Negotiation,Closed Won,
D00574,SolaceLogic Group,R002,Pro,18400,2024-06-13,2024-07-29,2024-07-31,2024-07-30,Negotiation,Closed Lost,Went dark
D00575,NimbusPath Ltd.,R004,Enterprise,71700,2026-05-20,2026-07-28,2026-07-30,2026-07-02,Negotiation,Closed Lost,Legal/procurement stalled
D00576,RedwoodLabs Ltd.,R002,Pro,21600,2026-07-14,2026-08-29,2026-08-29,,Demo,Open,
D00577,RedwoodLabs Co.,R004,Pro,24600,2026-04-09,2026-05-25,2026-05-25,2026-05-13,Negotiation,Closed Lost,Lost to competitor
D00578,SummitPath Group,R007,Enterprise,47400,2025-04-26,2025-07-04,2025-07-04,2025-05-29,Negotiation,Closed Lost,Lost to competitor
D00579,PinnacleLogic Group,R004,Enterprise,104300,2026-05-02,2026-07-10,2026-07-14,2026-05-24,Demo,Closed Lost,No internal champion
D00580,DeltaBridge Co.,R009,Pro,14900,2025-02-08,2025-03-26,2025-03-28,2025-03-21,Negotiation,Closed Won,
D00581,SilverField LLC,R007,Pro,20800,2024-08-08,2024-09-23,2024-09-23,2024-09-14,Negotiation,Closed Won,
D00582,VertexWorks LLC,R007,Enterprise,107900,2026-06-14,2026-08-22,2026-08-23,2026-06-20,Lead,Closed Lost,No response
D00583,QuartzSystems Ltd.,R003,Starter,3500,2026-06-19,2026-07-25,2026-07-25,,Negotiation,Open,
D00584,OrbitSystems Group,R007,Starter,6600,2024-06-06,2024-07-12,2024-07-20,2024-07-30,Negotiation,Closed Lost,Lost to competitor
D00585,OrbitLogic Ltd.,R008,Enterprise,40700,2024-08-12,2024-10-20,2024-10-22,2024-09-23,Negotiation,Closed Won,
D00586,DeltaField Inc.,R004,Pro,15400,2024-09-08,2024-10-24,2024-11-02,2024-10-28,Negotiation,Closed Won,
D00587,RapidField Co.,R008,Enterprise,88000,2026-07-04,2026-09-11,2026-09-15,,Proposal,Open,
D00588,FusionLabs Ltd.,R006,Starter,4600,2024-06-17,2024-07-23,2024-07-24,2024-07-20,Negotiation,Closed Won,
D00589,AnchorPath Group,R005,Starter,3200,2026-05-07,2026-06-12,2026-06-12,2026-06-07,Negotiation,Closed Won,
D00590,LumenGrid Co.,R003,Pro,21800,2025-11-11,2025-12-27,2026-01-01,2025-12-16,Proposal,Closed Lost,Price too high
D00591,HarborPeak LLC,R006,Pro,17800,2024-10-16,2024-12-01,2024-12-01,2024-11-04,Demo,Closed Lost,Lost to competitor
D00592,SolaceBridge LLC,R005,Starter,7100,2026-04-20,2026-05-26,2026-06-08,2026-06-07,Negotiation,Closed Lost,Legal/procurement stalled
D00593,NorthBridge Ltd.,R003,Starter,6900,2026-01-08,2026-02-13,2026-02-13,2026-02-09,Negotiation,Closed Won,
D00594,RapidLoop Inc.,R008,Starter,4700,2025-07-05,2025-08-10,2025-08-10,2025-08-04,Negotiation,Closed Lost,Went dark
D00595,BrightLabs Group,R005,Pro,23300,2024-03-18,2024-05-03,2024-05-07,2024-04-27,Negotiation,Closed Won,
D00596,QuartzLabs Inc.,R004,Enterprise,27000,2026-07-07,2026-09-14,2026-09-17,,Demo,Open,
D00597,BrightMetrics Ltd.,R002,Enterprise,25300,2026-05-05,2026-07-13,2026-07-30,2026-07-05,Negotiation,Closed Lost,Went dark
D00598,NimbusCore Group,R002,Enterprise,40400,2026-03-23,2026-05-31,2026-06-07,2026-05-07,Negotiation,Closed Lost,Legal/procurement stalled
D00599,SolaceCore Ltd.,R006,Starter,3200,2025-10-19,2025-11-24,2025-11-24,2025-11-09,Demo,Closed Lost,Lost to competitor
D00600,FusionWave Group,R003,Pro,17400,2025-08-30,2025-10-15,2025-10-19,2025-10-16,Negotiation,Closed Won,
D00601,VertexLogic Ltd.,R007,Starter,7900,2024-11-03,2024-12-09,2024-12-09,2024-12-05,Negotiation,Closed Won,
D00602,NorthBridge LLC,R012,Pro,23400,2026-06-10,2026-07-26,2026-07-26,2026-06-26,Demo,Closed Lost,No internal champion
D00603,ClearBridge Ltd.,R005,Starter,7700,2024-04-19,2024-05-25,2024-05-27,2024-06-05,Negotiation,Closed Won,
D00604,HarborStream Co.,R004,Pro,14600,2026-06-10,2026-07-26,2026-07-28,2026-07-04,Demo,Closed Lost,Lost to competitor
D00605,CobaltSystems Inc.,R003,Pro,21800,2025-12-08,2026-01-23,2026-01-28,2026-01-24,Negotiation,Closed Won,
D00606,SummitPath Inc.,R007,Starter,5600,2024-11-28,2025-01-03,2025-01-03,2024-12-17,Demo,Closed Lost,No internal champion
D00607,NimbusLoop Co.,R005,Starter,3600,2025-06-20,2025-07-26,2025-07-28,2025-07-28,Negotiation,Closed Won,
D00608,PinnaclePath Co.,R009,Pro,10500,2025-07-18,2025-09-02,2025-09-16,2025-09-14,Negotiation,Closed Won,
D00609,NimbusLogic Co.,R012,Pro,15100,2024-12-01,2025-01-16,2025-01-16,2025-01-07,Negotiation,Closed Won,
D00610,BrightMetrics Ltd.,R004,Starter,5800,2025-05-19,2025-06-24,2025-06-30,2025-06-22,Proposal,Closed Lost,Lost to competitor
D00611,RapidMetrics Ltd.,R011,Pro,15600,2024-10-14,2024-11-29,2024-11-29,2024-11-09,Negotiation,Closed Lost,Legal/procurement stalled
D00612,RedwoodPath LLC,R012,Starter,4800,2025-03-13,2025-04-18,2025-04-19,2025-03-19,Lead,Closed Lost,Not a fit (ICP mismatch)
D00613,NimbusLoop Inc.,R004,Pro,20500,2026-05-06,2026-06-21,2026-06-21,2026-05-25,Proposal,Closed Lost,Price too high
D00614,ClearBridge Group,R009,Starter,7200,2026-04-20,2026-05-26,2026-05-28,2026-06-04,Negotiation,Closed Won,
D00615,HarborMetrics Ltd.,R005,Starter,6000,2026-06-11,2026-07-17,2026-07-29,,Proposal,Open,
D00616,VertexCore Co.,R003,Starter,3900,2026-04-16,2026-05-22,2026-05-24,2026-05-28,Negotiation,Closed Won,
D00617,RedwoodWave Inc.,R007,Pro,17300,2024-03-14,2024-04-29,2024-05-03,2024-04-08,Demo,Closed Lost,Lost to competitor
D00618,VertexGrid Co.,R002,Starter,7500,2025-05-07,2025-06-12,2025-06-15,2025-06-16,Negotiation,Closed Won,
D00619,FusionField Co.,R009,Pro,8700,2024-10-22,2024-12-07,2024-12-11,2024-12-04,Negotiation,Closed Won,
D00620,PinnacleWave Ltd.,R012,Starter,6600,2025-01-19,2025-02-24,2025-03-03,2025-03-11,Negotiation,Closed Won,
