deal_id,stage_name,date_entered,date_exited
D00001,Lead,2025-09-10,2025-09-15
D00001,Qualified,2025-09-15,2025-09-24
D00001,Demo,2025-09-24,2025-09-29
D00002,Lead,2026-05-04,2026-05-10
D00002,Qualified,2026-05-10,2026-05-18
D00002,Demo,2026-05-18,2026-05-29
D00002,Proposal,2026-05-29,2026-06-08
D00002,Negotiation,2026-06-08,2026-06-15
D00003,Lead,2025-10-20,2025-10-24
D00003,Qualified,2025-10-24,2025-10-31
D00003,Demo,2025-10-31,2025-11-11
D00003,Proposal,2025-11-11,2025-11-23
D00003,Negotiation,2025-11-23,2025-12-01
D00004,Lead,2026-02-26,2026-03-02
D00004,Qualified,2026-03-02,2026-03-10
D00004,Demo,2026-03-10,2026-03-19
D00004,Proposal,2026-03-19,2026-04-01
D00004,Negotiation,2026-04-01,2026-04-13
D00005,Lead,2026-05-01,2026-05-03
D00005,Qualified,2026-05-03,2026-05-04
D00005,Demo,2026-05-04,2026-05-08
D00005,Proposal,2026-05-08,2026-05-22
D00005,Negotiation,2026-05-22,2026-05-29
D00006,Lead,2026-05-29,2026-05-30
D00006,Qualified,2026-05-30,2026-06-07
D00006,Demo,2026-06-07,2026-06-13
D00006,Proposal,2026-06-13,2026-06-23
D00006,Negotiation,2026-06-23,2026-06-29
D00007,Lead,2024-02-25,2024-03-02
D00007,Qualified,2024-03-02,2024-03-06
D00007,Demo,2024-03-06,2024-03-20
D00007,Proposal,2024-03-20,2024-04-17
D00007,Negotiation,2024-04-17,2024-04-28
D00008,Lead,2024-06-17,2024-06-21
D00008,Qualified,2024-06-21,2024-06-29
D00008,Demo,2024-06-29,2024-07-03
D00009,Lead,2025-05-29,2025-05-30
D00009,Qualified,2025-05-30,2025-06-06
D00009,Demo,2025-06-06,2025-06-14
D00009,Proposal,2025-06-14,2025-06-24
D00009,Negotiation,2025-06-24,2025-07-01
D00010,Lead,2025-07-30,2025-08-04
D00010,Qualified,2025-08-04,2025-08-11
D00010,Demo,2025-08-11,2025-08-25
D00010,Proposal,2025-08-25,2025-09-23
D00010,Negotiation,2025-09-23,2025-10-06
D00011,Lead,2026-01-04,2026-01-11
D00011,Qualified,2026-01-11,2026-01-14
D00012,Lead,2025-03-13,2025-03-16
D00012,Qualified,2025-03-16,2025-03-19
D00012,Demo,2025-03-19,2025-04-01
D00012,Proposal,2025-04-01,2025-04-07
D00012,Negotiation,2025-04-07,2025-04-14
D00013,Lead,2024-01-26,2024-01-31
D00013,Qualified,2024-01-31,2024-02-05
D00013,Demo,2024-02-05,2024-02-11
D00013,Proposal,2024-02-11,2024-02-21
D00014,Lead,2026-03-02,2026-03-06
D00014,Qualified,2026-03-06,2026-03-15
D00014,Demo,2026-03-15,2026-03-31
D00014,Proposal,2026-03-31,2026-04-12
D00014,Negotiation,2026-04-12,2026-04-17
D00015,Lead,2026-01-29,2026-02-03
D00015,Qualified,2026-02-03,2026-02-09
D00015,Demo,2026-02-09,2026-02-17
D00015,Proposal,2026-02-17,2026-03-03
D00015,Negotiation,2026-03-03,2026-03-10
D00016,Lead,2024-11-25,2024-11-30
D00016,Qualified,2024-11-30,2024-12-06
D00016,Demo,2024-12-06,2024-12-20
D00016,Proposal,2024-12-20,2025-01-04
D00016,Negotiation,2025-01-04,2025-01-15
D00017,Lead,2024-09-06,2024-09-12
D00017,Qualified,2024-09-12,2024-09-19
D00018,Lead,2025-11-14,2025-11-18
D00018,Qualified,2025-11-18,2025-11-23
D00018,Demo,2025-11-23,2025-12-01
D00018,Proposal,2025-12-01,2025-12-14
D00018,Negotiation,2025-12-14,2025-12-19
D00019,Lead,2026-06-04,2026-06-09
D00019,Qualified,2026-06-09,2026-06-16
D00019,Demo,2026-06-16,2026-07-03
D00019,Proposal,2026-07-03,2026-07-19
D00019,Negotiation,2026-07-19,
D00020,Lead,2024-10-06,2024-10-11
D00020,Qualified,2024-10-11,2024-10-14
D00020,Demo,2024-10-14,2024-10-25
D00020,Proposal,2024-10-25,2024-11-04
D00020,Negotiation,2024-11-04,2024-11-12
D00021,Lead,2026-02-06,2026-02-08
D00021,Qualified,2026-02-08,2026-02-15
D00021,Demo,2026-02-15,2026-02-26
D00021,Proposal,2026-02-26,2026-03-10
D00021,Negotiation,2026-03-10,2026-03-21
D00022,Lead,2024-11-15,2024-11-22
D00022,Qualified,2024-11-22,2024-11-30
D00022,Demo,2024-11-30,2024-12-08
D00022,Proposal,2024-12-08,2024-12-18
D00022,Negotiation,2024-12-18,2024-12-29
D00023,Lead,2026-01-21,2026-01-25
D00023,Qualified,2026-01-25,2026-02-01
D00023,Demo,2026-02-01,2026-02-15
D00023,Proposal,2026-02-15,2026-02-28
D00023,Negotiation,2026-02-28,2026-03-07
D00024,Lead,2024-10-09,2024-10-11
D00024,Qualified,2024-10-11,2024-10-17
D00024,Demo,2024-10-17,2024-10-23
D00024,Proposal,2024-10-23,2024-11-03
D00024,Negotiation,2024-11-03,2024-11-10
D00025,Lead,2026-02-19,2026-02-23
D00025,Qualified,2026-02-23,2026-03-01
D00025,Demo,2026-03-01,2026-03-07
D00025,Proposal,2026-03-07,2026-03-21
D00026,Lead,2025-04-25,2025-05-01
D00026,Qualified,2025-05-01,2025-05-08
D00027,Lead,2024-05-01,2024-05-05
D00027,Qualified,2024-05-05,2024-05-14
D00027,Demo,2024-05-14,2024-05-20
D00027,Proposal,2024-05-20,2024-05-30
D00027,Negotiation,2024-05-30,2024-06-12
D00028,Lead,2026-05-22,2026-05-27
D00028,Qualified,2026-05-27,2026-06-03
D00028,Demo,2026-06-03,2026-06-09
D00029,Lead,2025-03-25,2025-03-29
D00029,Qualified,2025-03-29,2025-04-06
D00029,Demo,2025-04-06,2025-04-16
D00029,Proposal,2025-04-16,2025-05-01
D00029,Negotiation,2025-05-01,2025-05-12
D00030,Lead,2026-06-29,2026-07-02
D00030,Qualified,2026-07-02,2026-07-11
D00030,Demo,2026-07-11,2026-07-20
D00030,Proposal,2026-07-20,
D00031,Lead,2025-07-09,2025-07-12
D00031,Qualified,2025-07-12,2025-07-18
D00031,Demo,2025-07-18,2025-07-26
D00031,Proposal,2025-07-26,2025-08-19
D00031,Negotiation,2025-08-19,2025-09-10
D00032,Lead,2024-10-06,2024-10-10
D00032,Qualified,2024-10-10,2024-10-18
D00032,Demo,2024-10-18,2024-10-24
D00032,Proposal,2024-10-24,2024-11-08
D00032,Negotiation,2024-11-08,2024-11-18
D00033,Lead,2025-07-10,2025-07-14
D00033,Qualified,2025-07-14,2025-07-23
D00033,Demo,2025-07-23,2025-07-29
D00033,Proposal,2025-07-29,2025-08-03
D00033,Negotiation,2025-08-03,2025-08-15
D00034,Lead,2025-11-01,2025-11-05
D00034,Qualified,2025-11-05,2025-11-09
D00034,Demo,2025-11-09,2025-11-19
D00034,Proposal,2025-11-19,2025-12-02
D00034,Negotiation,2025-12-02,2025-12-10
D00035,Lead,2026-07-14,2026-07-19
D00035,Qualified,2026-07-19,
D00036,Lead,2025-08-20,2025-08-26
D00036,Qualified,2025-08-26,2025-08-29
D00036,Demo,2025-08-29,2025-09-07
D00036,Proposal,2025-09-07,2025-09-23
D00036,Negotiation,2025-09-23,2025-10-06
D00037,Lead,2025-08-02,2025-08-08
D00037,Qualified,2025-08-08,2025-08-16
D00037,Demo,2025-08-16,2025-08-25
D00037,Proposal,2025-08-25,2025-09-08
D00037,Negotiation,2025-09-08,2025-09-27
D00038,Lead,2025-03-01,2025-03-04
D00038,Qualified,2025-03-04,2025-03-12
D00038,Demo,2025-03-12,2025-03-24
D00039,Lead,2026-03-20,2026-03-23
D00039,Qualified,2026-03-23,2026-03-31
D00039,Demo,2026-03-31,2026-04-15
D00039,Proposal,2026-04-15,2026-04-27
D00039,Negotiation,2026-04-27,2026-05-06
D00040,Lead,2026-06-23,2026-06-26
D00040,Qualified,2026-06-26,2026-07-02
D00040,Demo,2026-07-02,2026-07-13
D00040,Proposal,2026-07-13,
D00041,Lead,2026-05-21,2026-05-24
D00041,Qualified,2026-05-24,2026-06-03
D00041,Demo,2026-06-03,2026-06-10
D00041,Proposal,2026-06-10,2026-06-18
D00041,Negotiation,2026-06-18,2026-06-26
D00042,Lead,2026-04-19,2026-04-27
D00042,Qualified,2026-04-27,2026-05-04
D00042,Demo,2026-05-04,2026-05-12
D00042,Proposal,2026-05-12,2026-05-31
D00042,Negotiation,2026-05-31,2026-06-09
D00043,Lead,2024-04-20,2024-04-24
D00043,Qualified,2024-04-24,2024-05-02
D00043,Demo,2024-05-02,2024-05-07
D00043,Proposal,2024-05-07,2024-06-03
D00043,Negotiation,2024-06-03,2024-06-11
D00044,Lead,2024-11-16,2024-11-22
D00044,Qualified,2024-11-22,2024-11-24
D00044,Demo,2024-11-24,2024-11-30
D00044,Proposal,2024-11-30,2024-12-11
D00044,Negotiation,2024-12-11,2024-12-24
D00045,Lead,2026-06-19,2026-06-22
D00045,Qualified,2026-06-22,2026-06-27
D00045,Demo,2026-06-27,2026-07-05
D00045,Proposal,2026-07-05,2026-07-17
D00046,Lead,2024-07-04,2024-07-11
D00046,Qualified,2024-07-11,2024-07-17
D00046,Demo,2024-07-17,2024-07-27
D00047,Lead,2025-11-08,2025-11-13
D00047,Qualified,2025-11-13,2025-11-17
D00047,Demo,2025-11-17,2025-11-28
D00047,Proposal,2025-11-28,2025-12-18
D00047,Negotiation,2025-12-18,2025-12-24
D00048,Lead,2024-08-23,2024-08-27
D00048,Qualified,2024-08-27,2024-09-02
D00048,Demo,2024-09-02,2024-09-11
D00048,Proposal,2024-09-11,2024-10-15
D00048,Negotiation,2024-10-15,2024-10-22
D00049,Lead,2024-11-13,2024-11-18
D00049,Qualified,2024-11-18,2024-11-25
D00049,Demo,2024-11-25,2024-12-04
D00049,Proposal,2024-12-04,2024-12-17
D00049,Negotiation,2024-12-17,2024-12-23
D00050,Lead,2025-10-01,2025-10-03
D00050,Qualified,2025-10-03,2025-10-12
D00050,Demo,2025-10-12,2025-10-18
D00050,Proposal,2025-10-18,2025-10-31
D00050,Negotiation,2025-10-31,2025-11-10
D00051,Lead,2025-05-02,2025-05-05
D00051,Qualified,2025-05-05,2025-05-12
D00051,Demo,2025-05-12,2025-05-22
D00051,Proposal,2025-05-22,2025-05-31
D00051,Negotiation,2025-05-31,2025-06-10
D00052,Lead,2026-01-11,2026-01-12
D00052,Qualified,2026-01-12,2026-01-16
D00052,Demo,2026-01-16,2026-01-20
D00052,Proposal,2026-01-20,2026-02-16
D00052,Negotiation,2026-02-16,2026-03-01
D00053,Lead,2026-05-13,2026-05-17
D00053,Qualified,2026-05-17,2026-05-21
D00053,Demo,2026-05-21,2026-05-30
D00053,Proposal,2026-05-30,2026-06-22
D00053,Negotiation,2026-06-22,2026-07-01
D00054,Lead,2025-09-17,2025-09-23
D00054,Qualified,2025-09-23,2025-09-29
D00054,Demo,2025-09-29,2025-10-10
D00054,Proposal,2025-10-10,2025-10-26
D00054,Negotiation,2025-10-26,2025-10-30
D00055,Lead,2026-02-20,2026-02-24
D00055,Qualified,2026-02-24,2026-03-02
D00056,Lead,2024-01-29,2024-02-04
D00056,Qualified,2024-02-04,2024-02-11
D00056,Demo,2024-02-11,2024-02-15
D00057,Lead,2026-01-14,2026-01-19
D00057,Qualified,2026-01-19,2026-01-24
D00057,Demo,2026-01-24,2026-01-28
D00057,Proposal,2026-01-28,2026-02-10
D00057,Negotiation,2026-02-10,2026-02-23
D00058,Lead,2025-02-03,2025-02-10
D00058,Qualified,2025-02-10,2025-02-17
D00058,Demo,2025-02-17,2025-02-22
D00058,Proposal,2025-02-22,2025-03-08
D00058,Negotiation,2025-03-08,2025-03-12
D00059,Lead,2026-05-11,2026-05-16
D00059,Qualified,2026-05-16,2026-05-24
D00060,Lead,2025-02-13,2025-02-16
D00060,Qualified,2025-02-16,2025-02-19
D00060,Demo,2025-02-19,2025-03-03
D00060,Proposal,2025-03-03,2025-03-14
D00060,Negotiation,2025-03-14,2025-03-19
D00061,Lead,2026-03-21,2026-03-27
D00061,Qualified,2026-03-27,2026-03-29
D00062,Lead,2025-08-03,2025-08-05
D00062,Qualified,2025-08-05,2025-08-09
D00062,Demo,2025-08-09,2025-08-20
D00062,Proposal,2025-08-20,2025-09-01
D00062,Negotiation,2025-09-01,2025-09-09
D00063,Lead,2026-04-25,2026-05-05
D00063,Qualified,2026-05-05,2026-05-10
D00063,Demo,2026-05-10,2026-05-16
D00063,Proposal,2026-05-16,2026-05-23
D00063,Negotiation,2026-05-23,2026-05-28
D00064,Lead,2026-04-27,2026-05-01
D00064,Qualified,2026-05-01,2026-05-07
D00064,Demo,2026-05-07,2026-05-14
D00064,Proposal,2026-05-14,2026-05-29
D00064,Negotiation,2026-05-29,2026-06-07
D00065,Lead,2025-12-27,2026-01-01
D00065,Qualified,2026-01-01,2026-01-08
D00065,Demo,2026-01-08,2026-01-15
D00065,Proposal,2026-01-15,2026-01-28
D00065,Negotiation,2026-01-28,2026-02-08
D00066,Lead,2025-03-02,2025-03-06
D00066,Qualified,2025-03-06,2025-03-13
D00066,Demo,2025-03-13,2025-03-24
D00066,Proposal,2025-03-24,2025-04-05
D00066,Negotiation,2025-04-05,2025-04-19
D00067,Lead,2025-04-22,2025-04-24
D00067,Qualified,2025-04-24,2025-04-30
D00067,Demo,2025-04-30,2025-05-07
D00067,Proposal,2025-05-07,2025-05-15
D00068,Lead,2026-05-31,2026-06-03
D00068,Qualified,2026-06-03,2026-06-11
D00068,Demo,2026-06-11,2026-06-17
D00068,Proposal,2026-06-17,2026-06-26
D00068,Negotiation,2026-06-26,2026-07-05
D00069,Lead,2025-01-09,2025-01-12
D00069,Qualified,2025-01-12,2025-01-16
D00069,Demo,2025-01-16,2025-01-26
D00069,Proposal,2025-01-26,2025-02-09
D00069,Negotiation,2025-02-09,2025-02-20
D00070,Lead,2025-03-02,2025-03-06
D00070,Qualified,2025-03-06,2025-03-12
D00070,Demo,2025-03-12,2025-03-23
D00070,Proposal,2025-03-23,2025-04-07
D00070,Negotiation,2025-04-07,2025-04-17
D00071,Lead,2026-03-04,2026-03-08
D00071,Qualified,2026-03-08,2026-03-12
D00071,Demo,2026-03-12,2026-03-22
D00071,Proposal,2026-03-22,2026-04-05
D00071,Negotiation,2026-04-05,2026-04-09
D00072,Lead,2025-12-22,2025-12-29
D00072,Qualified,2025-12-29,2026-01-03
D00072,Demo,2026-01-03,2026-01-11
D00073,Lead,2026-02-04,2026-02-08
D00073,Qualified,2026-02-08,2026-02-15
D00073,Demo,2026-02-15,2026-02-22
D00073,Proposal,2026-02-22,2026-03-05
D00073,Negotiation,2026-03-05,2026-03-10
D00074,Lead,2024-10-21,2024-10-26
D00074,Qualified,2024-10-26,2024-11-07
D00074,Demo,2024-11-07,2024-11-21
D00074,Proposal,2024-11-21,2024-12-06
D00074,Negotiation,2024-12-06,2024-12-11
D00075,Lead,2025-07-10,2025-07-16
D00075,Qualified,2025-07-16,2025-07-19
D00075,Demo,2025-07-19,2025-07-30
D00075,Proposal,2025-07-30,2025-08-10
D00075,Negotiation,2025-08-10,2025-08-13
D00076,Lead,2024-09-11,2024-09-16
D00077,Lead,2024-06-12,2024-06-19
D00077,Qualified,2024-06-19,2024-06-26
D00077,Demo,2024-06-26,2024-07-05
D00077,Proposal,2024-07-05,2024-07-21
D00077,Negotiation,2024-07-21,2024-07-30
D00078,Lead,2025-06-24,2025-06-30
D00078,Qualified,2025-06-30,2025-07-07
D00078,Demo,2025-07-07,2025-07-14
D00078,Proposal,2025-07-14,2025-07-31
D00078,Negotiation,2025-07-31,2025-08-08
D00079,Lead,2024-02-16,2024-02-21
D00079,Qualified,2024-02-21,2024-02-22
D00079,Demo,2024-02-22,2024-03-04
D00079,Proposal,2024-03-04,2024-03-17
D00079,Negotiation,2024-03-17,2024-03-24
D00080,Lead,2025-02-06,2025-02-13
D00080,Qualified,2025-02-13,2025-02-18
D00080,Demo,2025-02-18,2025-02-25
D00080,Proposal,2025-02-25,2025-03-27
D00080,Negotiation,2025-03-27,2025-04-07
D00081,Lead,2026-04-21,2026-04-27
D00081,Qualified,2026-04-27,2026-05-03
D00081,Demo,2026-05-03,2026-05-13
D00081,Proposal,2026-05-13,2026-05-28
D00081,Negotiation,2026-05-28,2026-06-06
D00082,Lead,2024-02-18,2024-02-21
D00082,Qualified,2024-02-21,2024-02-27
D00082,Demo,2024-02-27,2024-03-09
D00082,Proposal,2024-03-09,2024-03-18
D00082,Negotiation,2024-03-18,2024-03-22
D00083,Lead,2026-06-03,2026-06-07
D00083,Qualified,2026-06-07,2026-06-12
D00083,Demo,2026-06-12,2026-06-22
D00083,Proposal,2026-06-22,2026-07-06
D00083,Negotiation,2026-07-06,2026-07-10
D00084,Lead,2025-01-02,2025-01-07
D00084,Qualified,2025-01-07,2025-01-12
D00084,Demo,2025-01-12,2025-01-19
D00084,Proposal,2025-01-19,2025-01-31
D00084,Negotiation,2025-01-31,2025-02-09
D00085,Lead,2025-10-19,2025-10-21
D00085,Qualified,2025-10-21,2025-10-27
D00086,Lead,2025-02-26,2025-02-28
D00086,Qualified,2025-02-28,2025-03-05
D00086,Demo,2025-03-05,2025-03-08
D00086,Proposal,2025-03-08,2025-04-01
D00087,Lead,2026-04-28,2026-05-07
D00087,Qualified,2026-05-07,2026-05-11
D00087,Demo,2026-05-11,2026-05-22
D00087,Proposal,2026-05-22,2026-06-06
D00087,Negotiation,2026-06-06,2026-06-11
D00088,Lead,2024-12-05,2024-12-11
D00088,Qualified,2024-12-11,2024-12-19
D00088,Demo,2024-12-19,2024-12-24
D00088,Proposal,2024-12-24,2024-12-31
D00088,Negotiation,2024-12-31,2025-01-21
D00089,Lead,2025-02-02,2025-02-03
D00089,Qualified,2025-02-03,2025-02-09
D00089,Demo,2025-02-09,2025-02-16
D00089,Proposal,2025-02-16,2025-02-27
D00089,Negotiation,2025-02-27,2025-03-07
D00090,Lead,2025-11-07,2025-11-13
D00090,Qualified,2025-11-13,2025-11-21
D00090,Demo,2025-11-21,2025-11-26
D00090,Proposal,2025-11-26,2025-12-15
D00090,Negotiation,2025-12-15,2025-12-24
D00091,Lead,2026-06-07,2026-06-13
D00091,Qualified,2026-06-13,2026-06-20
D00091,Demo,2026-06-20,2026-06-27
D00091,Proposal,2026-06-27,2026-07-09
D00091,Negotiation,2026-07-09,2026-07-21
D00092,Lead,2024-12-06,2024-12-11
D00092,Qualified,2024-12-11,2024-12-16
D00092,Demo,2024-12-16,2024-12-21
D00092,Proposal,2024-12-21,2025-01-07
D00092,Negotiation,2025-01-07,2025-01-14
D00093,Lead,2026-06-25,2026-06-28
D00093,Qualified,2026-06-28,2026-07-06
D00093,Demo,2026-07-06,2026-07-11
D00093,Proposal,2026-07-11,
D00094,Lead,2026-06-09,2026-06-16
D00094,Qualified,2026-06-16,2026-06-25
D00094,Demo,2026-06-25,2026-07-05
D00094,Proposal,2026-07-05,2026-07-20
D00094,Negotiation,2026-07-20,
D00095,Lead,2024-08-14,2024-08-22
D00095,Qualified,2024-08-22,2024-09-03
D00095,Demo,2024-09-03,2024-09-12
D00095,Proposal,2024-09-12,2024-09-24
D00096,Lead,2026-04-09,2026-04-16
D00096,Qualified,2026-04-16,2026-04-24
D00096,Demo,2026-04-24,2026-04-30
D00096,Proposal,2026-04-30,2026-05-08
D00096,Negotiation,2026-05-08,2026-05-15
D00097,Lead,2025-07-03,2025-07-09
D00097,Qualified,2025-07-09,2025-07-13
D00097,Demo,2025-07-13,2025-07-22
D00097,Proposal,2025-07-22,2025-08-08
D00097,Negotiation,2025-08-08,2025-08-14
D00098,Lead,2024-05-21,2024-05-22
D00098,Qualified,2024-05-22,2024-05-23
D00098,Demo,2024-05-23,2024-05-28
D00098,Proposal,2024-05-28,2024-06-14
D00098,Negotiation,2024-06-14,2024-06-21
D00099,Lead,2024-08-13,2024-08-20
D00099,Qualified,2024-08-20,2024-08-24
D00099,Demo,2024-08-24,2024-09-05
D00099,Proposal,2024-09-05,2024-09-18
D00099,Negotiation,2024-09-18,2024-09-28
D00100,Lead,2024-03-30,2024-04-02
D00100,Qualified,2024-04-02,2024-04-05
D00100,Demo,2024-04-05,2024-04-16
D00100,Proposal,2024-04-16,2024-04-23
D00100,Negotiation,2024-04-23,2024-05-04
D00101,Lead,2024-10-10,2024-10-14
D00101,Qualified,2024-10-14,2024-10-19
D00101,Demo,2024-10-19,2024-10-27
D00101,Proposal,2024-10-27,2024-11-03
D00101,Negotiation,2024-11-03,2024-11-15
D00102,Lead,2025-04-14,2025-04-20
D00102,Qualified,2025-04-20,2025-04-29
D00102,Demo,2025-04-29,2025-05-07
D00102,Proposal,2025-05-07,2025-05-23
D00102,Negotiation,2025-05-23,2025-05-30
D00103,Lead,2024-11-05,2024-11-07
D00103,Qualified,2024-11-07,2024-11-16
D00103,Demo,2024-11-16,2024-11-25
D00103,Proposal,2024-11-25,2024-12-15
D00103,Negotiation,2024-12-15,2024-12-21
D00104,Lead,2025-05-04,2025-05-06
D00104,Qualified,2025-05-06,2025-05-15
D00104,Demo,2025-05-15,2025-05-19
D00104,Proposal,2025-05-19,2025-05-27
D00104,Negotiation,2025-05-27,2025-06-04
D00105,Lead,2025-01-28,2025-02-01
D00105,Qualified,2025-02-01,2025-02-05
D00105,Demo,2025-02-05,2025-02-13
D00105,Proposal,2025-02-13,2025-02-25
D00106,Lead,2026-07-06,2026-07-10
D00106,Qualified,2026-07-10,2026-07-16
D00106,Demo,2026-07-16,
D00107,Lead,2024-02-10,2024-02-15
D00107,Qualified,2024-02-15,2024-02-20
D00107,Demo,2024-02-20,2024-02-29
D00107,Proposal,2024-02-29,2024-03-11
D00107,Negotiation,2024-03-11,2024-03-20
D00108,Lead,2026-06-10,2026-06-17
D00108,Qualified,2026-06-17,2026-06-24
D00108,Demo,2026-06-24,2026-07-04
D00108,Proposal,2026-07-04,2026-07-21
D00108,Negotiation,2026-07-21,
D00109,Lead,2025-08-13,2025-08-16
D00109,Qualified,2025-08-16,2025-08-22
D00109,Demo,2025-08-22,2025-09-02
D00109,Proposal,2025-09-02,2025-09-14
D00109,Negotiation,2025-09-14,2025-09-22
D00110,Lead,2026-05-26,2026-05-30
D00110,Qualified,2026-05-30,2026-06-06
D00110,Demo,2026-06-06,2026-06-17
D00110,Proposal,2026-06-17,2026-07-09
D00110,Negotiation,2026-07-09,2026-07-17
D00111,Lead,2025-07-13,2025-07-17
D00112,Lead,2026-01-14,2026-01-16
D00112,Qualified,2026-01-16,2026-01-26
D00112,Demo,2026-01-26,2026-02-07
D00112,Proposal,2026-02-07,2026-02-15
D00112,Negotiation,2026-02-15,2026-03-04
D00113,Lead,2024-11-18,2024-11-22
D00113,Qualified,2024-11-22,2024-11-27
D00113,Demo,2024-11-27,2024-12-01
D00113,Proposal,2024-12-01,2024-12-10
D00114,Lead,2026-05-27,2026-05-31
D00114,Qualified,2026-05-31,2026-06-07
D00114,Demo,2026-06-07,2026-06-11
D00114,Proposal,2026-06-11,2026-07-12
D00114,Negotiation,2026-07-12,
D00115,Lead,2024-03-17,2024-03-24
D00115,Qualified,2024-03-24,2024-04-03
D00116,Lead,2025-03-12,2025-03-19
D00116,Qualified,2025-03-19,2025-03-24
D00116,Demo,2025-03-24,2025-03-28
D00116,Proposal,2025-03-28,2025-04-11
D00116,Negotiation,2025-04-11,2025-04-15
D00117,Lead,2024-12-18,2024-12-22
D00117,Qualified,2024-12-22,2025-01-04
D00117,Demo,2025-01-04,2025-01-17
D00117,Proposal,2025-01-17,2025-02-01
D00117,Negotiation,2025-02-01,2025-02-23
D00118,Lead,2026-06-30,2026-07-05
D00118,Qualified,2026-07-05,2026-07-10
D00118,Demo,2026-07-10,2026-07-18
D00118,Proposal,2026-07-18,
D00119,Lead,2026-05-02,2026-05-07
D00120,Lead,2024-03-15,2024-03-17
D00120,Qualified,2024-03-17,2024-03-27
D00120,Demo,2024-03-27,2024-04-03
D00120,Proposal,2024-04-03,2024-04-15
D00120,Negotiation,2024-04-15,2024-04-25
D00121,Lead,2026-07-02,2026-07-07
D00121,Qualified,2026-07-07,2026-07-14
D00121,Demo,2026-07-14,
D00122,Lead,2024-09-12,2024-09-13
D00122,Qualified,2024-09-13,2024-09-21
D00122,Demo,2024-09-21,2024-09-24
D00122,Proposal,2024-09-24,2024-10-03
D00123,Lead,2024-04-17,2024-04-24
D00123,Qualified,2024-04-24,2024-04-30
D00123,Demo,2024-04-30,2024-05-08
D00124,Lead,2026-01-09,2026-01-11
D00124,Qualified,2026-01-11,2026-01-17
D00124,Demo,2026-01-17,2026-01-26
D00124,Proposal,2026-01-26,2026-02-10
D00124,Negotiation,2026-02-10,2026-02-25
D00125,Lead,2025-01-14,2025-01-18
D00125,Qualified,2025-01-18,2025-01-26
D00125,Demo,2025-01-26,2025-02-06
D00125,Proposal,2025-02-06,2025-02-21
D00125,Negotiation,2025-02-21,2025-03-01
D00126,Lead,2026-07-11,2026-07-14
D00126,Qualified,2026-07-14,
D00127,Lead,2026-07-05,2026-07-10
D00127,Qualified,2026-07-10,2026-07-15
D00127,Demo,2026-07-15,
D00128,Lead,2026-05-05,2026-05-10
D00128,Qualified,2026-05-10,2026-05-19
D00128,Demo,2026-05-19,2026-05-27
D00128,Proposal,2026-05-27,2026-06-08
D00128,Negotiation,2026-06-08,2026-06-17
D00129,Lead,2026-05-24,2026-05-25
D00129,Qualified,2026-05-25,2026-05-31
D00129,Demo,2026-05-31,2026-06-11
D00129,Proposal,2026-06-11,2026-06-26
D00129,Negotiation,2026-06-26,2026-07-02
D00130,Lead,2025-06-20,2025-06-25
D00130,Qualified,2025-06-25,2025-07-01
D00130,Demo,2025-07-01,2025-07-11
D00130,Proposal,2025-07-11,2025-07-20
D00130,Negotiation,2025-07-20,2025-07-29
D00131,Lead,2024-06-15,2024-06-21
D00131,Qualified,2024-06-21,2024-06-30
D00131,Demo,2024-06-30,2024-07-03
D00131,Proposal,2024-07-03,2024-07-09
D00131,Negotiation,2024-07-09,2024-07-14
D00132,Lead,2026-05-24,2026-05-30
D00132,Qualified,2026-05-30,2026-06-05
D00132,Demo,2026-06-05,2026-06-13
D00132,Proposal,2026-06-13,2026-06-27
D00132,Negotiation,2026-06-27,2026-07-02
D00133,Lead,2026-01-08,2026-01-12
D00133,Qualified,2026-01-12,2026-01-20
D00133,Demo,2026-01-20,2026-01-28
D00133,Proposal,2026-01-28,2026-02-08
D00133,Negotiation,2026-02-08,2026-02-14
D00134,Lead,2024-07-06,2024-07-10
D00134,Qualified,2024-07-10,2024-07-15
D00134,Demo,2024-07-15,2024-07-19
D00134,Proposal,2024-07-19,2024-07-26
D00135,Lead,2026-06-10,2026-06-16
D00135,Qualified,2026-06-16,2026-06-22
D00135,Demo,2026-06-22,2026-06-28
D00135,Proposal,2026-06-28,2026-07-07
D00135,Negotiation,2026-07-07,2026-07-19
D00136,Lead,2024-02-08,2024-02-15
D00136,Qualified,2024-02-15,2024-02-21
D00136,Demo,2024-02-21,2024-02-26
D00136,Proposal,2024-02-26,2024-03-06
D00136,Negotiation,2024-03-06,2024-03-14
D00137,Lead,2024-07-11,2024-07-14
D00137,Qualified,2024-07-14,2024-07-18
D00137,Demo,2024-07-18,2024-07-24
D00137,Proposal,2024-07-24,2024-08-26
D00137,Negotiation,2024-08-26,2024-08-31
D00138,Lead,2024-07-29,2024-07-30
D00138,Qualified,2024-07-30,2024-08-03
D00138,Demo,2024-08-03,2024-08-12
D00138,Proposal,2024-08-12,2024-08-25
D00138,Negotiation,2024-08-25,2024-08-30
D00139,Lead,2025-05-07,2025-05-08
D00139,Qualified,2025-05-08,2025-05-11
D00139,Demo,2025-05-11,2025-05-17
D00139,Proposal,2025-05-17,2025-06-17
D00139,Negotiation,2025-06-17,2025-06-24
D00140,Lead,2024-06-23,2024-06-27
D00140,Qualified,2024-06-27,2024-06-28
D00140,Demo,2024-06-28,2024-07-11
D00140,Proposal,2024-07-11,2024-07-28
D00141,Lead,2025-08-05,2025-08-11
D00141,Qualified,2025-08-11,2025-08-19
D00141,Demo,2025-08-19,2025-08-26
D00142,Lead,2025-08-13,2025-08-14
D00142,Qualified,2025-08-14,2025-08-18
D00142,Demo,2025-08-18,2025-08-27
D00142,Proposal,2025-08-27,2025-09-21
D00142,Negotiation,2025-09-21,2025-10-02
D00143,Lead,2026-05-14,2026-05-18
D00143,Qualified,2026-05-18,2026-05-25
D00143,Demo,2026-05-25,2026-05-31
D00143,Proposal,2026-05-31,2026-06-09
D00143,Negotiation,2026-06-09,2026-06-19
D00144,Lead,2026-04-16,2026-04-20
D00144,Qualified,2026-04-20,2026-04-25
D00145,Lead,2024-04-18,2024-04-22
D00145,Qualified,2024-04-22,2024-04-30
D00145,Demo,2024-04-30,2024-05-05
D00146,Lead,2024-05-17,2024-05-23
D00146,Qualified,2024-05-23,2024-06-01
D00146,Demo,2024-06-01,2024-06-05
D00146,Proposal,2024-06-05,2024-06-16
D00146,Negotiation,2024-06-16,2024-06-22
D00147,Lead,2024-05-21,2024-05-25
D00147,Qualified,2024-05-25,2024-05-29
D00147,Demo,2024-05-29,2024-06-09
D00147,Proposal,2024-06-09,2024-06-17
D00147,Negotiation,2024-06-17,2024-06-27
D00148,Lead,2026-05-17,2026-05-20
D00148,Qualified,2026-05-20,2026-05-28
D00148,Demo,2026-05-28,2026-06-08
D00148,Proposal,2026-06-08,2026-06-16
D00148,Negotiation,2026-06-16,2026-06-26
D00149,Lead,2026-03-26,2026-04-03
D00149,Qualified,2026-04-03,2026-04-05
D00149,Demo,2026-04-05,2026-04-17
D00149,Proposal,2026-04-17,2026-04-28
D00149,Negotiation,2026-04-28,2026-05-08
D00150,Lead,2026-05-08,2026-05-09
D00150,Qualified,2026-05-09,2026-05-13
D00150,Demo,2026-05-13,2026-05-22
D00151,Lead,2024-03-15,2024-03-16
D00151,Qualified,2024-03-16,2024-03-21
D00151,Demo,2024-03-21,2024-03-29
D00151,Proposal,2024-03-29,2024-04-16
D00151,Negotiation,2024-04-16,2024-04-30
D00152,Lead,2024-11-24,2024-11-29
D00152,Qualified,2024-11-29,2024-12-05
D00152,Demo,2024-12-05,2024-12-22
D00152,Proposal,2024-12-22,2025-01-09
D00152,Negotiation,2025-01-09,2025-01-23
D00153,Lead,2024-07-29,2024-08-02
D00153,Qualified,2024-08-02,2024-08-10
D00154,Lead,2025-08-11,2025-08-14
D00154,Qualified,2025-08-14,2025-08-24
D00155,Lead,2026-07-12,2026-07-16
D00155,Qualified,2026-07-16,2026-07-23
D00155,Demo,2026-07-23,
D00156,Lead,2024-05-24,2024-05-27
D00156,Qualified,2024-05-27,2024-06-03
D00156,Demo,2024-06-03,2024-06-08
D00156,Proposal,2024-06-08,2024-06-19
D00156,Negotiation,2024-06-19,2024-07-09
D00157,Lead,2026-07-10,2026-07-14
D00157,Qualified,2026-07-14,2026-07-20
D00157,Demo,2026-07-20,
D00158,Lead,2024-06-21,2024-06-24
D00158,Qualified,2024-06-24,2024-06-30
D00158,Demo,2024-06-30,2024-07-10
D00158,Proposal,2024-07-10,2024-07-17
D00158,Negotiation,2024-07-17,2024-07-30
D00159,Lead,2025-10-08,2025-10-12
D00159,Qualified,2025-10-12,2025-10-19
D00159,Demo,2025-10-19,2025-10-28
D00159,Proposal,2025-10-28,2025-11-03
D00159,Negotiation,2025-11-03,2025-11-20
D00160,Lead,2026-06-27,2026-06-30
D00160,Qualified,2026-06-30,2026-07-07
D00161,Lead,2025-04-10,2025-04-16
D00161,Qualified,2025-04-16,2025-04-21
D00161,Demo,2025-04-21,2025-04-29
D00161,Proposal,2025-04-29,2025-05-19
D00161,Negotiation,2025-05-19,2025-05-26
D00162,Lead,2025-03-26,2025-03-30
D00162,Qualified,2025-03-30,2025-04-06
D00162,Demo,2025-04-06,2025-04-14
D00162,Proposal,2025-04-14,2025-04-24
D00163,Lead,2026-06-28,2026-07-02
D00164,Lead,2025-04-27,2025-05-01
D00164,Qualified,2025-05-01,2025-05-08
D00164,Demo,2025-05-08,2025-05-20
D00164,Proposal,2025-05-20,2025-05-29
D00164,Negotiation,2025-05-29,2025-06-07
D00165,Lead,2025-06-28,2025-07-04
D00165,Qualified,2025-07-04,2025-07-10
D00165,Demo,2025-07-10,2025-07-17
D00165,Proposal,2025-07-17,2025-07-29
D00165,Negotiation,2025-07-29,2025-08-07
D00166,Lead,2025-02-22,2025-02-26
D00166,Qualified,2025-02-26,2025-03-06
D00166,Demo,2025-03-06,2025-03-14
D00166,Proposal,2025-03-14,2025-03-24
D00166,Negotiation,2025-03-24,2025-04-02
D00167,Lead,2025-05-10,2025-05-16
D00167,Qualified,2025-05-16,2025-05-26
D00167,Demo,2025-05-26,2025-06-04
D00167,Proposal,2025-06-04,2025-06-09
D00167,Negotiation,2025-06-09,2025-06-20
D00168,Lead,2026-04-26,2026-04-29
D00168,Qualified,2026-04-29,2026-05-08
D00168,Demo,2026-05-08,2026-05-13
D00168,Proposal,2026-05-13,2026-05-25
D00168,Negotiation,2026-05-25,2026-06-01
D00169,Lead,2026-03-09,2026-03-13
D00169,Qualified,2026-03-13,2026-03-20
D00169,Demo,2026-03-20,2026-03-31
D00169,Proposal,2026-03-31,2026-04-15
D00169,Negotiation,2026-04-15,2026-04-22
D00170,Lead,2025-08-11,2025-08-17
D00170,Qualified,2025-08-17,2025-08-21
D00171,Lead,2024-08-13,2024-08-17
D00171,Qualified,2024-08-17,2024-08-21
D00171,Demo,2024-08-21,2024-08-31
D00171,Proposal,2024-08-31,2024-09-08
D00171,Negotiation,2024-09-08,2024-09-14
D00172,Lead,2024-07-30,2024-08-05
D00172,Qualified,2024-08-05,2024-08-14
D00172,Demo,2024-08-14,2024-08-17
D00172,Proposal,2024-08-17,2024-09-02
D00172,Negotiation,2024-09-02,2024-09-15
D00173,Lead,2025-05-04,2025-05-09
D00173,Qualified,2025-05-09,2025-05-15
D00173,Demo,2025-05-15,2025-05-21
D00173,Proposal,2025-05-21,2025-05-30
D00173,Negotiation,2025-05-30,2025-06-06
D00174,Lead,2025-02-14,2025-02-20
D00174,Qualified,2025-02-20,2025-02-25
D00174,Demo,2025-02-25,2025-03-07
D00174,Proposal,2025-03-07,2025-04-08
D00174,Negotiation,2025-04-08,2025-04-14
D00175,Lead,2024-03-02,2024-03-06
D00175,Qualified,2024-03-06,2024-03-13
D00176,Lead,2026-06-28,2026-07-01
D00176,Qualified,2026-07-01,2026-07-09
D00176,Demo,2026-07-09,2026-07-14
D00176,Proposal,2026-07-14,2026-07-23
D00176,Negotiation,2026-07-23,
D00177,Lead,2025-09-11,2025-09-17
D00177,Qualified,2025-09-17,2025-09-23
D00177,Demo,2025-09-23,2025-09-30
D00177,Proposal,2025-09-30,2025-10-05
D00177,Negotiation,2025-10-05,2025-10-11
D00178,Lead,2026-07-08,2026-07-11
D00178,Qualified,2026-07-11,2026-07-13
D00178,Demo,2026-07-13,2026-07-22
D00178,Proposal,2026-07-22,
D00179,Lead,2025-10-17,2025-10-20
D00179,Qualified,2025-10-20,2025-10-26
D00179,Demo,2025-10-26,2025-11-01
D00179,Proposal,2025-11-01,2025-11-12
D00179,Negotiation,2025-11-12,2025-11-23
D00180,Lead,2026-06-26,2026-06-29
D00180,Qualified,2026-06-29,2026-07-07
D00180,Demo,2026-07-07,2026-07-16
D00180,Proposal,2026-07-16,
D00181,Lead,2024-10-05,2024-10-09
D00181,Qualified,2024-10-09,2024-10-16
D00181,Demo,2024-10-16,2024-10-21
D00181,Proposal,2024-10-21,2024-11-07
D00181,Negotiation,2024-11-07,2024-11-16
D00182,Lead,2026-05-18,2026-05-19
D00182,Qualified,2026-05-19,2026-05-28
D00182,Demo,2026-05-28,2026-06-09
D00182,Proposal,2026-06-09,2026-06-18
D00183,Lead,2024-11-01,2024-11-09
D00183,Qualified,2024-11-09,2024-11-13
D00183,Demo,2024-11-13,2024-11-23
D00183,Proposal,2024-11-23,2024-12-08
D00183,Negotiation,2024-12-08,2024-12-20
D00184,Lead,2025-12-19,2025-12-26
D00184,Qualified,2025-12-26,2025-12-28
D00184,Demo,2025-12-28,2026-01-04
D00184,Proposal,2026-01-04,2026-01-17
D00184,Negotiation,2026-01-17,2026-01-24
D00185,Lead,2025-04-05,2025-04-09
D00185,Qualified,2025-04-09,2025-04-16
D00185,Demo,2025-04-16,2025-04-20
D00185,Proposal,2025-04-20,2025-04-28
D00185,Negotiation,2025-04-28,2025-05-04
D00186,Lead,2026-05-02,2026-05-03
D00186,Qualified,2026-05-03,2026-05-09
D00186,Demo,2026-05-09,2026-05-21
D00186,Proposal,2026-05-21,2026-06-07
D00187,Lead,2026-06-30,2026-07-04
D00187,Qualified,2026-07-04,2026-07-11
D00187,Demo,2026-07-11,2026-07-17
D00187,Proposal,2026-07-17,
D00188,Lead,2025-08-13,2025-08-16
D00188,Qualified,2025-08-16,2025-08-20
D00188,Demo,2025-08-20,2025-08-26
D00188,Proposal,2025-08-26,2025-09-07
D00188,Negotiation,2025-09-07,2025-09-12
D00189,Lead,2025-02-10,2025-02-14
D00189,Qualified,2025-02-14,2025-02-19
D00190,Lead,2025-08-08,2025-08-14
D00190,Qualified,2025-08-14,2025-08-18
D00190,Demo,2025-08-18,2025-08-25
D00190,Proposal,2025-08-25,2025-09-08
D00190,Negotiation,2025-09-08,2025-09-24
D00191,Lead,2024-12-08,2024-12-11
D00191,Qualified,2024-12-11,2024-12-15
D00191,Demo,2024-12-15,2024-12-27
D00191,Proposal,2024-12-27,2025-01-06
D00191,Negotiation,2025-01-06,2025-01-18
D00192,Lead,2026-05-29,2026-05-30
D00192,Qualified,2026-05-30,2026-06-06
D00192,Demo,2026-06-06,2026-06-13
D00192,Proposal,2026-06-13,2026-06-25
D00192,Negotiation,2026-06-25,2026-07-05
D00193,Lead,2026-05-30,2026-06-04
D00193,Qualified,2026-06-04,2026-06-10
D00193,Demo,2026-06-10,2026-06-16
D00193,Proposal,2026-06-16,2026-06-28
D00193,Negotiation,2026-06-28,2026-07-04
D00194,Lead,2026-06-23,2026-06-29
D00194,Qualified,2026-06-29,2026-07-08
D00194,Demo,2026-07-08,2026-07-19
D00194,Proposal,2026-07-19,
D00195,Lead,2025-11-06,2025-11-11
D00195,Qualified,2025-11-11,2025-11-20
D00195,Demo,2025-11-20,2025-11-27
D00195,Proposal,2025-11-27,2025-12-14
D00195,Negotiation,2025-12-14,2025-12-22
D00196,Lead,2026-06-19,2026-06-25
D00196,Qualified,2026-06-25,2026-06-29
D00196,Demo,2026-06-29,2026-07-02
D00196,Proposal,2026-07-02,2026-07-14
D00196,Negotiation,2026-07-14,
D00197,Lead,2025-12-01,2025-12-05
D00197,Qualified,2025-12-05,2025-12-15
D00197,Demo,2025-12-15,2025-12-27
D00197,Proposal,2025-12-27,2026-01-18
D00197,Negotiation,2026-01-18,2026-01-24
D00198,Lead,2026-05-10,2026-05-13
D00198,Qualified,2026-05-13,2026-05-15
D00198,Demo,2026-05-15,2026-05-22
D00198,Proposal,2026-05-22,2026-05-31
D00198,Negotiation,2026-05-31,2026-06-09
D00199,Lead,2024-03-08,2024-03-14
D00199,Qualified,2024-03-14,2024-03-18
D00199,Demo,2024-03-18,2024-03-25
D00199,Proposal,2024-03-25,2024-04-04
D00199,Negotiation,2024-04-04,2024-04-12
D00200,Lead,2025-02-09,2025-02-15
D00200,Qualified,2025-02-15,2025-02-21
D00200,Demo,2025-02-21,2025-03-03
D00200,Proposal,2025-03-03,2025-03-08
D00200,Negotiation,2025-03-08,2025-03-26
D00201,Lead,2026-06-30,2026-07-02
D00201,Qualified,2026-07-02,2026-07-06
D00201,Demo,2026-07-06,2026-07-11
D00201,Proposal,2026-07-11,
D00202,Lead,2025-08-02,2025-08-07
D00202,Qualified,2025-08-07,2025-08-15
D00202,Demo,2025-08-15,2025-08-26
D00203,Lead,2025-07-10,2025-07-13
D00203,Qualified,2025-07-13,2025-07-23
D00203,Demo,2025-07-23,2025-08-03
D00204,Lead,2026-05-08,2026-05-15
D00204,Qualified,2026-05-15,2026-05-21
D00204,Demo,2026-05-21,2026-05-27
D00204,Proposal,2026-05-27,2026-06-03
D00204,Negotiation,2026-06-03,2026-06-19
D00205,Lead,2026-05-21,2026-05-28
D00205,Qualified,2026-05-28,2026-06-04
D00205,Demo,2026-06-04,2026-06-15
D00205,Proposal,2026-06-15,2026-07-04
D00205,Negotiation,2026-07-04,2026-07-18
D00206,Lead,2026-05-23,2026-05-26
D00206,Qualified,2026-05-26,2026-06-02
D00206,Demo,2026-06-02,2026-06-08
D00206,Proposal,2026-06-08,2026-06-22
D00206,Negotiation,2026-06-22,2026-07-11
D00207,Lead,2024-07-17,2024-07-22
D00207,Qualified,2024-07-22,2024-07-30
D00207,Demo,2024-07-30,2024-08-10
D00207,Proposal,2024-08-10,2024-08-23
D00207,Negotiation,2024-08-23,2024-09-07
D00208,Lead,2024-12-13,2024-12-20
D00208,Qualified,2024-12-20,2024-12-27
D00209,Lead,2026-04-29,2026-05-03
D00209,Qualified,2026-05-03,2026-05-10
D00209,Demo,2026-05-10,2026-05-22
D00209,Proposal,2026-05-22,2026-06-07
D00209,Negotiation,2026-06-07,2026-06-19
D00210,Lead,2025-06-18,2025-06-24
D00211,Lead,2024-08-02,2024-08-08
D00211,Qualified,2024-08-08,2024-08-15
D00211,Demo,2024-08-15,2024-08-26
D00211,Proposal,2024-08-26,2024-09-12
D00211,Negotiation,2024-09-12,2024-09-21
D00212,Lead,2025-11-22,2025-11-23
D00212,Qualified,2025-11-23,2025-11-28
D00212,Demo,2025-11-28,2025-12-07
D00212,Proposal,2025-12-07,2025-12-17
D00212,Negotiation,2025-12-17,2025-12-27
D00213,Lead,2024-05-27,2024-06-02
D00213,Qualified,2024-06-02,2024-06-07
D00213,Demo,2024-06-07,2024-06-18
D00213,Proposal,2024-06-18,2024-06-29
D00213,Negotiation,2024-06-29,2024-07-15
D00214,Lead,2024-09-01,2024-09-04
D00214,Qualified,2024-09-04,2024-09-13
D00214,Demo,2024-09-13,2024-09-18
D00214,Proposal,2024-09-18,2024-09-24
D00214,Negotiation,2024-09-24,2024-09-28
D00215,Lead,2025-01-23,2025-01-29
D00215,Qualified,2025-01-29,2025-02-05
D00215,Demo,2025-02-05,2025-02-13
D00215,Proposal,2025-02-13,2025-02-26
D00215,Negotiation,2025-02-26,2025-03-11
D00216,Lead,2026-06-20,2026-06-26
D00216,Qualified,2026-06-26,2026-06-30
D00216,Demo,2026-06-30,2026-07-11
D00216,Proposal,2026-07-11,2026-07-21
D00216,Negotiation,2026-07-21,
D00217,Lead,2025-11-17,2025-11-22
D00217,Qualified,2025-11-22,2025-12-02
D00217,Demo,2025-12-02,2025-12-14
D00217,Proposal,2025-12-14,2025-12-21
D00217,Negotiation,2025-12-21,2025-12-27
D00218,Lead,2024-10-02,2024-10-06
D00218,Qualified,2024-10-06,2024-10-10
D00218,Demo,2024-10-10,2024-10-21
D00218,Proposal,2024-10-21,2024-11-02
D00218,Negotiation,2024-11-02,2024-11-11
D00219,Lead,2026-05-29,2026-05-31
D00219,Qualified,2026-05-31,2026-06-09
D00220,Lead,2025-08-15,2025-08-19
D00221,Lead,2026-05-21,2026-05-24
D00221,Qualified,2026-05-24,2026-05-30
D00221,Demo,2026-05-30,2026-06-06
D00221,Proposal,2026-06-06,2026-06-14
D00221,Negotiation,2026-06-14,2026-06-15
D00222,Lead,2024-06-20,2024-06-26
D00222,Qualified,2024-06-26,2024-07-03
D00222,Demo,2024-07-03,2024-07-10
D00222,Proposal,2024-07-10,2024-07-18
D00222,Negotiation,2024-07-18,2024-07-25
D00223,Lead,2026-06-23,2026-06-28
D00223,Qualified,2026-06-28,2026-07-06
D00223,Demo,2026-07-06,2026-07-11
D00223,Proposal,2026-07-11,
D00224,Lead,2024-01-13,2024-01-16
D00225,Lead,2025-10-15,2025-10-19
D00225,Qualified,2025-10-19,2025-10-28
D00225,Demo,2025-10-28,2025-11-05
D00225,Proposal,2025-11-05,2025-11-21
D00225,Negotiation,2025-11-21,2025-11-30
D00226,Lead,2024-12-06,2024-12-10
D00226,Qualified,2024-12-10,2024-12-14
D00226,Demo,2024-12-14,2024-12-25
D00226,Proposal,2024-12-25,2025-01-10
D00226,Negotiation,2025-01-10,2025-01-13
D00227,Lead,2026-07-15,2026-07-19
D00227,Qualified,2026-07-19,
D00228,Lead,2025-01-02,2025-01-06
D00228,Qualified,2025-01-06,2025-01-16
D00228,Demo,2025-01-16,2025-01-23
D00229,Lead,2025-10-07,2025-10-13
D00229,Qualified,2025-10-13,2025-10-20
D00230,Lead,2024-01-17,2024-01-21
D00230,Qualified,2024-01-21,2024-01-31
D00230,Demo,2024-01-31,2024-02-09
D00230,Proposal,2024-02-09,2024-03-13
D00230,Negotiation,2024-03-13,2024-03-25
D00231,Lead,2026-06-30,2026-07-05
D00231,Qualified,2026-07-05,2026-07-12
D00231,Demo,2026-07-12,2026-07-20
D00231,Proposal,2026-07-20,
D00232,Lead,2026-02-14,2026-02-15
D00232,Qualified,2026-02-15,2026-02-21
D00232,Demo,2026-02-21,2026-02-25
D00233,Lead,2026-04-06,2026-04-07
D00233,Qualified,2026-04-07,2026-04-16
D00233,Demo,2026-04-16,2026-04-26
D00234,Lead,2025-09-25,2025-09-28
D00234,Qualified,2025-09-28,2025-10-02
D00234,Demo,2025-10-02,2025-10-11
D00234,Proposal,2025-10-11,2025-10-18
D00234,Negotiation,2025-10-18,2025-10-30
D00235,Lead,2024-06-29,2024-07-04
D00235,Qualified,2024-07-04,2024-07-09
D00235,Demo,2024-07-09,2024-07-18
D00235,Proposal,2024-07-18,2024-07-29
D00235,Negotiation,2024-07-29,2024-08-11
D00236,Lead,2024-07-17,2024-07-22
D00236,Qualified,2024-07-22,2024-07-25
D00236,Demo,2024-07-25,2024-08-01
D00236,Proposal,2024-08-01,2024-08-19
D00236,Negotiation,2024-08-19,2024-08-26
D00237,Lead,2024-10-12,2024-10-13
D00237,Qualified,2024-10-13,2024-10-18
D00238,Lead,2026-06-22,2026-06-26
D00239,Lead,2025-10-25,2025-10-31
D00239,Qualified,2025-10-31,2025-11-07
D00239,Demo,2025-11-07,2025-11-18
D00239,Proposal,2025-11-18,2025-11-24
D00239,Negotiation,2025-11-24,2025-11-30
D00240,Lead,2026-03-17,2026-03-22
D00240,Qualified,2026-03-22,2026-03-27
D00240,Demo,2026-03-27,2026-04-02
D00240,Proposal,2026-04-02,2026-04-18
D00240,Negotiation,2026-04-18,2026-05-05
D00241,Lead,2026-07-08,2026-07-13
D00241,Qualified,2026-07-13,2026-07-19
D00241,Demo,2026-07-19,
D00242,Lead,2026-06-05,2026-06-08
D00242,Qualified,2026-06-08,2026-06-13
D00242,Demo,2026-06-13,2026-06-23
D00242,Proposal,2026-06-23,2026-07-04
D00243,Lead,2024-12-17,2024-12-23
D00243,Qualified,2024-12-23,2024-12-29
D00243,Demo,2024-12-29,2025-01-09
D00244,Lead,2024-06-13,2024-06-18
D00244,Qualified,2024-06-18,2024-06-26
D00244,Demo,2024-06-26,2024-07-07
D00244,Proposal,2024-07-07,2024-07-21
D00244,Negotiation,2024-07-21,2024-07-30
D00245,Lead,2025-04-14,2025-04-18
D00245,Qualified,2025-04-18,2025-04-24
D00245,Demo,2025-04-24,2025-05-04
D00245,Proposal,2025-05-04,2025-05-24
D00246,Lead,2026-07-04,2026-07-09
D00246,Qualified,2026-07-09,2026-07-12
D00246,Demo,2026-07-12,2026-07-23
D00246,Proposal,2026-07-23,
D00247,Lead,2025-03-13,2025-03-15
D00247,Qualified,2025-03-15,2025-03-23
D00247,Demo,2025-03-23,2025-03-29
D00247,Proposal,2025-03-29,2025-04-10
D00247,Negotiation,2025-04-10,2025-04-25
D00248,Lead,2026-06-07,2026-06-12
D00248,Qualified,2026-06-12,2026-06-15
D00249,Lead,2025-04-19,2025-04-26
D00249,Qualified,2025-04-26,2025-05-04
D00249,Demo,2025-05-04,2025-05-10
D00249,Proposal,2025-05-10,2025-05-29
D00249,Negotiation,2025-05-29,2025-06-10
D00250,Lead,2026-01-20,2026-01-21
D00250,Qualified,2026-01-21,2026-01-30
D00250,Demo,2026-01-30,2026-02-04
D00251,Lead,2024-06-20,2024-06-27
D00251,Qualified,2024-06-27,2024-07-01
D00251,Demo,2024-07-01,2024-07-08
D00251,Proposal,2024-07-08,2024-07-25
D00251,Negotiation,2024-07-25,2024-08-05
D00252,Lead,2025-12-20,2025-12-24
D00252,Qualified,2025-12-24,2025-12-30
D00252,Demo,2025-12-30,2026-01-11
D00252,Proposal,2026-01-11,2026-01-29
D00252,Negotiation,2026-01-29,2026-02-06
D00253,Lead,2026-02-14,2026-02-22
D00253,Qualified,2026-02-22,2026-03-01
D00253,Demo,2026-03-01,2026-03-13
D00253,Proposal,2026-03-13,2026-03-21
D00253,Negotiation,2026-03-21,2026-04-02
D00254,Lead,2025-09-19,2025-09-22
D00254,Qualified,2025-09-22,2025-09-29
D00255,Lead,2025-05-01,2025-05-06
D00255,Qualified,2025-05-06,2025-05-08
D00255,Demo,2025-05-08,2025-05-15
D00255,Proposal,2025-05-15,2025-05-29
D00256,Lead,2026-01-23,2026-01-29
D00256,Qualified,2026-01-29,2026-02-05
D00256,Demo,2026-02-05,2026-02-09
D00256,Proposal,2026-02-09,2026-02-21
D00257,Lead,2026-01-29,2026-02-03
D00257,Qualified,2026-02-03,2026-02-08
D00257,Demo,2026-02-08,2026-02-15
D00257,Proposal,2026-02-15,2026-02-26
D00257,Negotiation,2026-02-26,2026-03-05
D00258,Lead,2026-04-22,2026-04-26
D00258,Qualified,2026-04-26,2026-05-03
D00258,Demo,2026-05-03,2026-05-09
D00258,Proposal,2026-05-09,2026-05-18
D00258,Negotiation,2026-05-18,2026-06-05
D00259,Lead,2025-01-20,2025-01-25
D00259,Qualified,2025-01-25,2025-02-03
D00259,Demo,2025-02-03,2025-02-12
D00259,Proposal,2025-02-12,2025-02-25
D00259,Negotiation,2025-02-25,2025-03-08
D00260,Lead,2026-04-21,2026-04-23
D00260,Qualified,2026-04-23,2026-04-26
D00260,Demo,2026-04-26,2026-05-04
D00260,Proposal,2026-05-04,2026-05-21
D00260,Negotiation,2026-05-21,2026-06-04
D00261,Lead,2024-09-30,2024-10-02
D00261,Qualified,2024-10-02,2024-10-10
D00261,Demo,2024-10-10,2024-10-19
D00261,Proposal,2024-10-19,2024-11-02
D00261,Negotiation,2024-11-02,2024-11-12
D00262,Lead,2024-04-04,2024-04-06
D00262,Qualified,2024-04-06,2024-04-11
D00262,Demo,2024-04-11,2024-04-17
D00262,Proposal,2024-04-17,2024-04-27
D00262,Negotiation,2024-04-27,2024-05-01
D00263,Lead,2026-06-14,2026-06-17
D00263,Qualified,2026-06-17,2026-06-23
D00263,Demo,2026-06-23,2026-07-02
D00263,Proposal,2026-07-02,2026-07-11
D00263,Negotiation,2026-07-11,2026-07-21
D00264,Lead,2026-04-19,2026-04-24
D00264,Qualified,2026-04-24,2026-04-28
D00264,Demo,2026-04-28,2026-05-07
D00264,Proposal,2026-05-07,2026-06-04
D00264,Negotiation,2026-06-04,2026-06-11
D00265,Lead,2026-05-09,2026-05-15
D00265,Qualified,2026-05-15,2026-05-23
D00265,Demo,2026-05-23,2026-06-01
D00265,Proposal,2026-06-01,2026-06-15
D00265,Negotiation,2026-06-15,2026-06-22
D00266,Lead,2026-06-23,2026-06-28
D00266,Qualified,2026-06-28,2026-07-06
D00266,Demo,2026-07-06,2026-07-17
D00266,Proposal,2026-07-17,
D00267,Lead,2025-10-16,2025-10-21
D00267,Qualified,2025-10-21,2025-10-26
D00267,Demo,2025-10-26,2025-11-08
D00267,Proposal,2025-11-08,2025-11-26
D00267,Negotiation,2025-11-26,2025-12-03
D00268,Lead,2024-12-06,2024-12-09
D00268,Qualified,2024-12-09,2024-12-16
D00268,Demo,2024-12-16,2024-12-26
D00268,Proposal,2024-12-26,2025-01-01
D00268,Negotiation,2025-01-01,2025-01-11
D00269,Lead,2026-03-22,2026-03-26
D00269,Qualified,2026-03-26,2026-04-01
D00269,Demo,2026-04-01,2026-04-13
D00269,Proposal,2026-04-13,2026-04-26
D00269,Negotiation,2026-04-26,2026-05-10
D00270,Lead,2024-09-23,2024-09-26
D00270,Qualified,2024-09-26,2024-10-01
D00270,Demo,2024-10-01,2024-10-09
D00270,Proposal,2024-10-09,2024-10-15
D00270,Negotiation,2024-10-15,2024-10-27
D00271,Lead,2026-05-19,2026-05-26
D00271,Qualified,2026-05-26,2026-06-01
D00271,Demo,2026-06-01,2026-06-13
D00271,Proposal,2026-06-13,2026-06-22
D00271,Negotiation,2026-06-22,2026-07-04
D00272,Lead,2026-06-19,2026-06-22
D00272,Qualified,2026-06-22,2026-06-28
D00272,Demo,2026-06-28,2026-07-03
D00272,Proposal,2026-07-03,2026-07-18
D00272,Negotiation,2026-07-18,
D00273,Lead,2025-03-22,2025-03-26
D00273,Qualified,2025-03-26,2025-04-03
D00273,Demo,2025-04-03,2025-04-15
D00273,Proposal,2025-04-15,2025-05-02
D00273,Negotiation,2025-05-02,2025-05-10
D00274,Lead,2026-05-22,2026-05-26
D00274,Qualified,2026-05-26,2026-06-03
D00274,Demo,2026-06-03,2026-06-09
D00274,Proposal,2026-06-09,2026-06-26
D00275,Lead,2024-06-06,2024-06-12
D00276,Lead,2026-01-21,2026-01-24
D00276,Qualified,2026-01-24,2026-01-30
D00276,Demo,2026-01-30,2026-02-09
D00276,Proposal,2026-02-09,2026-02-26
D00276,Negotiation,2026-02-26,2026-03-05
D00277,Lead,2025-09-09,2025-09-11
D00277,Qualified,2025-09-11,2025-09-15
D00277,Demo,2025-09-15,2025-09-21
D00277,Proposal,2025-09-21,2025-10-04
D00277,Negotiation,2025-10-04,2025-10-13
D00278,Lead,2024-05-10,2024-05-13
D00279,Lead,2025-02-26,2025-02-28
D00280,Lead,2024-02-16,2024-02-20
D00280,Qualified,2024-02-20,2024-02-26
D00280,Demo,2024-02-26,2024-03-05
D00280,Proposal,2024-03-05,2024-03-18
D00280,Negotiation,2024-03-18,2024-04-04
D00281,Lead,2024-11-06,2024-11-11
D00281,Qualified,2024-11-11,2024-11-13
D00281,Demo,2024-11-13,2024-11-21
D00281,Proposal,2024-11-21,2024-12-07
D00281,Negotiation,2024-12-07,2024-12-13
D00282,Lead,2025-03-31,2025-04-02
D00282,Qualified,2025-04-02,2025-04-08
D00282,Demo,2025-04-08,2025-04-19
D00282,Proposal,2025-04-19,2025-05-01
D00282,Negotiation,2025-05-01,2025-05-12
D00283,Lead,2025-03-08,2025-03-10
D00283,Qualified,2025-03-10,2025-03-17
D00284,Lead,2025-06-03,2025-06-08
D00284,Qualified,2025-06-08,2025-06-12
D00284,Demo,2025-06-12,2025-06-20
D00284,Proposal,2025-06-20,2025-07-09
D00284,Negotiation,2025-07-09,2025-07-25
D00285,Lead,2026-06-26,2026-07-02
D00285,Qualified,2026-07-02,2026-07-08
D00285,Demo,2026-07-08,2026-07-16
D00285,Proposal,2026-07-16,
D00286,Lead,2024-04-16,2024-04-19
D00286,Qualified,2024-04-19,2024-04-24
D00286,Demo,2024-04-24,2024-05-01
D00286,Proposal,2024-05-01,2024-05-17
D00286,Negotiation,2024-05-17,2024-05-27
D00287,Lead,2024-05-21,2024-05-26
D00287,Qualified,2024-05-26,2024-06-02
D00287,Demo,2024-06-02,2024-06-09
D00287,Proposal,2024-06-09,2024-06-17
D00287,Negotiation,2024-06-17,2024-06-22
D00288,Lead,2026-04-17,2026-04-21
D00288,Qualified,2026-04-21,2026-04-25
D00288,Demo,2026-04-25,2026-04-28
D00288,Proposal,2026-04-28,2026-05-10
D00288,Negotiation,2026-05-10,2026-05-19
D00289,Lead,2026-05-21,2026-05-27
D00289,Qualified,2026-05-27,2026-05-31
D00289,Demo,2026-05-31,2026-06-11
D00289,Proposal,2026-06-11,2026-06-25
D00289,Negotiation,2026-06-25,2026-07-04
D00290,Lead,2026-06-24,2026-06-30
D00290,Qualified,2026-06-30,2026-07-08
D00290,Demo,2026-07-08,2026-07-21
D00290,Proposal,2026-07-21,
D00291,Lead,2024-08-27,2024-09-01
D00291,Qualified,2024-09-01,2024-09-10
D00291,Demo,2024-09-10,2024-09-19
D00291,Proposal,2024-09-19,2024-10-01
D00291,Negotiation,2024-10-01,2024-10-07
D00292,Lead,2025-02-08,2025-02-15
D00292,Qualified,2025-02-15,2025-02-20
D00292,Demo,2025-02-20,2025-03-02
D00292,Proposal,2025-03-02,2025-03-09
D00292,Negotiation,2025-03-09,2025-03-23
D00293,Lead,2024-04-30,2024-05-05
D00293,Qualified,2024-05-05,2024-05-12
D00293,Demo,2024-05-12,2024-05-22
D00294,Lead,2025-08-09,2025-08-13
D00294,Qualified,2025-08-13,2025-08-17
D00294,Demo,2025-08-17,2025-08-27
D00294,Proposal,2025-08-27,2025-09-08
D00294,Negotiation,2025-09-08,2025-09-22
D00295,Lead,2026-03-26,2026-03-27
D00295,Qualified,2026-03-27,2026-04-05
D00295,Demo,2026-04-05,2026-04-10
D00295,Proposal,2026-04-10,2026-04-26
D00295,Negotiation,2026-04-26,2026-05-06
D00296,Lead,2025-05-18,2025-05-23
D00296,Qualified,2025-05-23,2025-05-28
D00296,Demo,2025-05-28,2025-06-05
D00297,Lead,2024-04-11,2024-04-16
D00297,Qualified,2024-04-16,2024-04-23
D00297,Demo,2024-04-23,2024-05-04
D00297,Proposal,2024-05-04,2024-05-17
D00297,Negotiation,2024-05-17,2024-05-22
D00298,Lead,2026-06-26,2026-06-28
D00298,Qualified,2026-06-28,2026-07-06
D00298,Demo,2026-07-06,2026-07-15
D00299,Lead,2026-06-16,2026-06-19
D00299,Qualified,2026-06-19,2026-06-27
D00299,Demo,2026-06-27,2026-07-05
D00299,Proposal,2026-07-05,
D00300,Lead,2026-02-09,2026-02-14
D00300,Qualified,2026-02-14,2026-02-17
D00301,Lead,2025-02-27,2025-03-01
D00301,Qualified,2025-03-01,2025-03-08
D00301,Demo,2025-03-08,2025-03-16
D00301,Proposal,2025-03-16,2025-03-28
D00301,Negotiation,2025-03-28,2025-04-14
D00302,Lead,2026-02-15,2026-02-18
D00302,Qualified,2026-02-18,2026-02-24
D00303,Lead,2026-07-06,2026-07-10
D00303,Qualified,2026-07-10,2026-07-17
D00303,Demo,2026-07-17,
D00304,Lead,2025-12-10,2025-12-13
D00304,Qualified,2025-12-13,2025-12-24
D00304,Demo,2025-12-24,2026-01-01
D00304,Proposal,2026-01-01,2026-01-12
D00304,Negotiation,2026-01-12,2026-01-17
D00305,Lead,2026-06-20,2026-06-28
D00305,Qualified,2026-06-28,2026-07-01
D00305,Demo,2026-07-01,2026-07-16
D00305,Proposal,2026-07-16,
D00306,Lead,2025-06-16,2025-06-20
D00306,Qualified,2025-06-20,2025-06-26
D00306,Demo,2025-06-26,2025-07-04
D00306,Proposal,2025-07-04,2025-07-20
D00307,Lead,2025-01-25,2025-01-29
D00307,Qualified,2025-01-29,2025-02-06
D00307,Demo,2025-02-06,2025-02-18
D00307,Proposal,2025-02-18,2025-02-24
D00307,Negotiation,2025-02-24,2025-03-15
D00308,Lead,2025-09-27,2025-10-04
D00308,Qualified,2025-10-04,2025-10-09
D00308,Demo,2025-10-09,2025-10-19
D00308,Proposal,2025-10-19,2025-11-02
D00308,Negotiation,2025-11-02,2025-11-12
D00309,Lead,2026-05-11,2026-05-14
D00309,Qualified,2026-05-14,2026-05-16
D00309,Demo,2026-05-16,2026-05-25
D00309,Proposal,2026-05-25,2026-06-14
D00310,Lead,2026-06-16,2026-06-18
D00311,Lead,2024-05-25,2024-05-30
D00311,Qualified,2024-05-30,2024-06-04
D00311,Demo,2024-06-04,2024-06-12
D00311,Proposal,2024-06-12,2024-07-03
D00311,Negotiation,2024-07-03,2024-07-16
D00312,Lead,2026-06-02,2026-06-05
D00312,Qualified,2026-06-05,2026-06-10
D00312,Demo,2026-06-10,2026-06-19
D00312,Proposal,2026-06-19,2026-07-05
D00312,Negotiation,2026-07-05,2026-07-13
D00313,Lead,2025-08-21,2025-08-27
D00313,Qualified,2025-08-27,2025-09-02
D00313,Demo,2025-09-02,2025-09-08
D00313,Proposal,2025-09-08,2025-09-21
D00313,Negotiation,2025-09-21,2025-09-30
D00314,Lead,2024-11-09,2024-11-12
D00314,Qualified,2024-11-12,2024-11-17
D00314,Demo,2024-11-17,2024-11-25
D00314,Proposal,2024-11-25,2024-12-06
D00314,Negotiation,2024-12-06,2024-12-18
D00315,Lead,2024-08-21,2024-08-24
D00315,Qualified,2024-08-24,2024-08-31
D00315,Demo,2024-08-31,2024-09-03
D00315,Proposal,2024-09-03,2024-09-15
D00315,Negotiation,2024-09-15,2024-09-30
D00316,Lead,2025-06-08,2025-06-11
D00316,Qualified,2025-06-11,2025-06-20
D00316,Demo,2025-06-20,2025-06-28
D00316,Proposal,2025-06-28,2025-07-15
D00317,Lead,2026-01-25,2026-01-26
D00317,Qualified,2026-01-26,2026-02-01
D00317,Demo,2026-02-01,2026-02-09
D00317,Proposal,2026-02-09,2026-02-27
D00317,Negotiation,2026-02-27,2026-03-04
D00318,Lead,2025-04-07,2025-04-14
D00319,Lead,2026-06-04,2026-06-08
D00319,Qualified,2026-06-08,2026-06-14
D00319,Demo,2026-06-14,2026-06-22
D00319,Proposal,2026-06-22,2026-07-06
D00319,Negotiation,2026-07-06,2026-07-17
D00320,Lead,2024-01-08,2024-01-13
D00320,Qualified,2024-01-13,2024-01-18
D00320,Demo,2024-01-18,2024-01-30
D00320,Proposal,2024-01-30,2024-02-12
D00320,Negotiation,2024-02-12,2024-02-20
D00321,Lead,2024-07-06,2024-07-10
D00321,Qualified,2024-07-10,2024-07-17
D00321,Demo,2024-07-17,2024-07-19
D00321,Proposal,2024-07-19,2024-07-27
D00322,Lead,2025-06-02,2025-06-05
D00322,Qualified,2025-06-05,2025-06-10
D00322,Demo,2025-06-10,2025-06-17
D00323,Lead,2026-05-11,2026-05-13
D00323,Qualified,2026-05-13,2026-05-17
D00323,Demo,2026-05-17,2026-05-21
D00324,Lead,2026-04-10,2026-04-14
D00325,Lead,2024-09-01,2024-09-05
D00325,Qualified,2024-09-05,2024-09-12
D00325,Demo,2024-09-12,2024-09-16
D00325,Proposal,2024-09-16,2024-10-06
D00325,Negotiation,2024-10-06,2024-10-17
D00326,Lead,2026-06-06,2026-06-10
D00326,Qualified,2026-06-10,2026-06-16
D00326,Demo,2026-06-16,2026-06-29
D00326,Proposal,2026-06-29,2026-07-09
D00326,Negotiation,2026-07-09,2026-07-20
D00327,Lead,2026-06-24,2026-06-26
D00327,Qualified,2026-06-26,2026-07-01
D00327,Demo,2026-07-01,2026-07-07
D00327,Proposal,2026-07-07,2026-07-17
D00327,Negotiation,2026-07-17,
D00328,Lead,2024-08-31,2024-09-03
D00328,Qualified,2024-09-03,2024-09-13
D00328,Demo,2024-09-13,2024-09-19
D00328,Proposal,2024-09-19,2024-10-04
D00328,Negotiation,2024-10-04,2024-10-13
D00329,Lead,2024-03-07,2024-03-08
D00329,Qualified,2024-03-08,2024-03-16
D00329,Demo,2024-03-16,2024-03-27
D00329,Proposal,2024-03-27,2024-04-06
D00329,Negotiation,2024-04-06,2024-04-16
D00330,Lead,2024-06-20,2024-06-26
D00331,Lead,2024-11-03,2024-11-04
D00331,Qualified,2024-11-04,2024-11-09
D00331,Demo,2024-11-09,2024-11-21
D00332,Lead,2026-01-30,2026-02-05
D00332,Qualified,2026-02-05,2026-02-06
D00332,Demo,2026-02-06,2026-02-16
D00332,Proposal,2026-02-16,2026-02-25
D00333,Lead,2026-04-20,2026-04-25
D00333,Qualified,2026-04-25,2026-05-03
D00333,Demo,2026-05-03,2026-05-08
D00333,Proposal,2026-05-08,2026-05-19
D00333,Negotiation,2026-05-19,2026-05-23
D00334,Lead,2026-01-21,2026-01-25
D00334,Qualified,2026-01-25,2026-02-01
D00334,Demo,2026-02-01,2026-02-07
D00334,Proposal,2026-02-07,2026-02-15
D00334,Negotiation,2026-02-15,2026-02-21
D00335,Lead,2026-04-30,2026-05-05
D00335,Qualified,2026-05-05,2026-05-10
D00335,Demo,2026-05-10,2026-05-20
D00335,Proposal,2026-05-20,2026-06-04
D00335,Negotiation,2026-06-04,2026-06-16
D00336,Lead,2026-06-21,2026-06-25
D00336,Qualified,2026-06-25,2026-06-30
D00336,Demo,2026-06-30,2026-07-09
D00336,Proposal,2026-07-09,
D00337,Lead,2026-06-28,2026-07-03
D00337,Qualified,2026-07-03,2026-07-08
D00337,Demo,2026-07-08,2026-07-10
D00337,Proposal,2026-07-10,2026-07-18
D00337,Negotiation,2026-07-18,
D00338,Lead,2024-12-22,2024-12-27
D00338,Qualified,2024-12-27,2025-01-02
D00338,Demo,2025-01-02,2025-01-12
D00338,Proposal,2025-01-12,2025-02-11
D00338,Negotiation,2025-02-11,2025-02-22
D00339,Lead,2026-07-09,2026-07-10
D00339,Qualified,2026-07-10,2026-07-17
D00339,Demo,2026-07-17,
D00340,Lead,2026-07-13,2026-07-17
D00340,Qualified,2026-07-17,2026-07-21
D00340,Demo,2026-07-21,
D00341,Lead,2025-08-29,2025-09-02
D00341,Qualified,2025-09-02,2025-09-07
D00341,Demo,2025-09-07,2025-09-15
D00341,Proposal,2025-09-15,2025-09-28
D00341,Negotiation,2025-09-28,2025-10-07
D00342,Lead,2025-05-26,2025-06-01
D00342,Qualified,2025-06-01,2025-06-07
D00342,Demo,2025-06-07,2025-06-14
D00342,Proposal,2025-06-14,2025-06-25
D00342,Negotiation,2025-06-25,2025-07-06
D00343,Lead,2026-01-14,2026-01-19
D00344,Lead,2026-02-14,2026-02-20
D00344,Qualified,2026-02-20,2026-03-02
D00344,Demo,2026-03-02,2026-03-13
D00344,Proposal,2026-03-13,2026-04-08
D00344,Negotiation,2026-04-08,2026-04-20
D00345,Lead,2025-03-13,2025-03-16
D00345,Qualified,2025-03-16,2025-03-25
D00345,Demo,2025-03-25,2025-03-31
D00346,Lead,2024-06-25,2024-07-01
D00346,Qualified,2024-07-01,2024-07-08
D00346,Demo,2024-07-08,2024-07-20
D00346,Proposal,2024-07-20,2024-08-03
D00346,Negotiation,2024-08-03,2024-08-15
D00347,Lead,2026-05-27,2026-06-01
D00347,Qualified,2026-06-01,2026-06-09
D00348,Lead,2026-07-01,2026-07-02
D00348,Qualified,2026-07-02,2026-07-04
D00349,Lead,2024-06-24,2024-06-26
D00349,Qualified,2024-06-26,2024-06-30
D00349,Demo,2024-06-30,2024-07-11
D00349,Proposal,2024-07-11,2024-07-22
D00350,Lead,2024-08-08,2024-08-09
D00350,Qualified,2024-08-09,2024-08-14
D00350,Demo,2024-08-14,2024-08-23
D00350,Proposal,2024-08-23,2024-09-06
D00350,Negotiation,2024-09-06,2024-09-13
D00351,Lead,2024-06-06,2024-06-13
D00351,Qualified,2024-06-13,2024-06-17
D00351,Demo,2024-06-17,2024-06-24
D00351,Proposal,2024-06-24,2024-07-18
D00351,Negotiation,2024-07-18,2024-07-25
D00352,Lead,2026-05-30,2026-06-01
D00353,Lead,2025-11-25,2025-11-29
D00353,Qualified,2025-11-29,2025-12-05
D00353,Demo,2025-12-05,2025-12-16
D00353,Proposal,2025-12-16,2025-12-26
D00353,Negotiation,2025-12-26,2026-01-01
D00354,Lead,2026-05-28,2026-05-31
D00354,Qualified,2026-05-31,2026-06-08
D00354,Demo,2026-06-08,2026-06-17
D00354,Proposal,2026-06-17,2026-06-26
D00354,Negotiation,2026-06-26,2026-07-08
D00355,Lead,2026-05-01,2026-05-07
D00355,Qualified,2026-05-07,2026-05-15
D00355,Demo,2026-05-15,2026-05-29
D00355,Proposal,2026-05-29,2026-06-10
D00355,Negotiation,2026-06-10,2026-06-26
D00356,Lead,2026-05-21,2026-05-24
D00356,Qualified,2026-05-24,2026-06-04
D00356,Demo,2026-06-04,2026-06-14
D00356,Proposal,2026-06-14,2026-06-23
D00356,Negotiation,2026-06-23,2026-07-07
D00357,Lead,2026-06-17,2026-06-19
D00357,Qualified,2026-06-19,2026-06-25
D00357,Demo,2026-06-25,2026-07-02
D00357,Proposal,2026-07-02,2026-07-10
D00357,Negotiation,2026-07-10,2026-07-18
D00358,Lead,2026-07-11,2026-07-15
D00358,Qualified,2026-07-15,2026-07-22
D00358,Demo,2026-07-22,
D00359,Lead,2026-03-22,2026-03-31
D00359,Qualified,2026-03-31,2026-04-04
D00359,Demo,2026-04-04,2026-04-08
D00359,Proposal,2026-04-08,2026-04-19
D00360,Lead,2026-07-15,2026-07-19
D00360,Qualified,2026-07-19,2026-07-22
D00360,Demo,2026-07-22,
D00361,Lead,2024-08-24,2024-08-28
D00361,Qualified,2024-08-28,2024-09-01
D00361,Demo,2024-09-01,2024-09-13
D00362,Lead,2025-09-13,2025-09-18
D00362,Qualified,2025-09-18,2025-09-24
D00362,Demo,2025-09-24,2025-10-02
D00362,Proposal,2025-10-02,2025-10-14
D00363,Lead,2026-06-30,2026-07-05
D00363,Qualified,2026-07-05,2026-07-11
D00363,Demo,2026-07-11,2026-07-15
D00363,Proposal,2026-07-15,
D00364,Lead,2026-01-04,2026-01-09
D00364,Qualified,2026-01-09,2026-01-13
D00365,Lead,2025-06-29,2025-07-03
D00365,Qualified,2025-07-03,2025-07-06
D00365,Demo,2025-07-06,2025-07-18
D00365,Proposal,2025-07-18,2025-07-26
D00365,Negotiation,2025-07-26,2025-08-04
D00366,Lead,2024-10-03,2024-10-08
D00367,Lead,2026-07-15,2026-07-21
D00368,Lead,2026-04-18,2026-04-22
D00368,Qualified,2026-04-22,2026-04-30
D00368,Demo,2026-04-30,2026-05-10
D00368,Proposal,2026-05-10,2026-05-24
D00368,Negotiation,2026-05-24,2026-05-31
D00369,Lead,2026-04-15,2026-04-21
D00369,Qualified,2026-04-21,2026-04-28
D00370,Lead,2025-02-16,2025-02-20
D00370,Qualified,2025-02-20,2025-03-02
D00370,Demo,2025-03-02,2025-03-12
D00370,Proposal,2025-03-12,2025-03-23
D00370,Negotiation,2025-03-23,2025-04-03
D00371,Lead,2025-05-05,2025-05-09
D00372,Lead,2026-06-08,2026-06-11
D00372,Qualified,2026-06-11,2026-06-19
D00372,Demo,2026-06-19,2026-06-29
D00372,Proposal,2026-06-29,2026-07-07
D00372,Negotiation,2026-07-07,2026-07-19
D00373,Lead,2026-06-09,2026-06-13
D00373,Qualified,2026-06-13,2026-06-18
D00373,Demo,2026-06-18,2026-06-29
D00373,Proposal,2026-06-29,2026-07-14
D00373,Negotiation,2026-07-14,
D00374,Lead,2024-10-12,2024-10-15
D00374,Qualified,2024-10-15,2024-10-24
D00374,Demo,2024-10-24,2024-11-03
D00374,Proposal,2024-11-03,2024-11-17
D00374,Negotiation,2024-11-17,2024-11-24
D00375,Lead,2026-04-16,2026-04-23
D00375,Qualified,2026-04-23,2026-05-03
D00375,Demo,2026-05-03,2026-05-07
D00375,Proposal,2026-05-07,2026-05-23
D00376,Lead,2024-01-27,2024-02-04
D00376,Qualified,2024-02-04,2024-02-13
D00376,Demo,2024-02-13,2024-02-27
D00376,Proposal,2024-02-27,2024-03-15
D00376,Negotiation,2024-03-15,2024-03-20
D00377,Lead,2026-07-07,2026-07-08
D00377,Qualified,2026-07-08,2026-07-14
D00377,Demo,2026-07-14,2026-07-22
D00377,Proposal,2026-07-22,
D00378,Lead,2026-05-09,2026-05-13
D00378,Qualified,2026-05-13,2026-05-17
D00378,Demo,2026-05-17,2026-05-25
D00378,Proposal,2026-05-25,2026-06-04
D00378,Negotiation,2026-06-04,2026-06-20
D00379,Lead,2026-06-27,2026-06-30
D00379,Qualified,2026-06-30,2026-07-08
D00379,Demo,2026-07-08,2026-07-12
D00379,Proposal,2026-07-12,
D00380,Lead,2026-06-03,2026-06-09
D00380,Qualified,2026-06-09,2026-06-12
D00380,Demo,2026-06-12,2026-06-19
D00380,Proposal,2026-06-19,2026-07-01
D00380,Negotiation,2026-07-01,2026-07-09
D00381,Lead,2026-07-12,2026-07-13
D00381,Qualified,2026-07-13,2026-07-20
D00381,Demo,2026-07-20,
D00382,Lead,2026-05-21,2026-05-25
D00382,Qualified,2026-05-25,2026-05-31
D00382,Demo,2026-05-31,2026-06-07
D00383,Lead,2024-05-12,2024-05-15
D00383,Qualified,2024-05-15,2024-05-20
D00383,Demo,2024-05-20,2024-05-30
D00384,Lead,2026-05-24,2026-05-31
D00384,Qualified,2026-05-31,2026-06-08
D00384,Demo,2026-06-08,2026-06-16
D00384,Proposal,2026-06-16,2026-06-23
D00384,Negotiation,2026-06-23,2026-07-01
D00385,Lead,2026-05-13,2026-05-17
D00385,Qualified,2026-05-17,2026-05-19
D00386,Lead,2026-04-24,2026-04-27
D00386,Qualified,2026-04-27,2026-05-01
D00386,Demo,2026-05-01,2026-05-12
D00386,Proposal,2026-05-12,2026-05-27
D00386,Negotiation,2026-05-27,2026-06-03
D00387,Lead,2024-11-27,2024-12-01
D00387,Qualified,2024-12-01,2024-12-09
D00387,Demo,2024-12-09,2024-12-19
D00387,Proposal,2024-12-19,2025-01-11
D00387,Negotiation,2025-01-11,2025-01-16
D00388,Lead,2025-09-07,2025-09-13
D00388,Qualified,2025-09-13,2025-09-18
D00388,Demo,2025-09-18,2025-09-28
D00388,Proposal,2025-09-28,2025-10-09
D00388,Negotiation,2025-10-09,2025-10-19
D00389,Lead,2026-05-15,2026-05-20
D00389,Qualified,2026-05-20,2026-05-29
D00389,Demo,2026-05-29,2026-06-05
D00389,Proposal,2026-06-05,2026-06-22
D00389,Negotiation,2026-06-22,2026-07-06
D00390,Lead,2024-04-27,2024-04-29
D00390,Qualified,2024-04-29,2024-05-05
D00390,Demo,2024-05-05,2024-05-13
D00390,Proposal,2024-05-13,2024-05-31
D00390,Negotiation,2024-05-31,2024-06-20
D00391,Lead,2024-06-23,2024-06-26
D00391,Qualified,2024-06-26,2024-07-03
D00391,Demo,2024-07-03,2024-07-09
D00391,Proposal,2024-07-09,2024-07-22
D00391,Negotiation,2024-07-22,2024-08-03
D00392,Lead,2026-05-27,2026-06-03
D00392,Qualified,2026-06-03,2026-06-11
D00393,Lead,2026-07-08,2026-07-14
D00393,Qualified,2026-07-14,2026-07-20
D00393,Demo,2026-07-20,
D00394,Lead,2024-07-03,2024-07-07
D00394,Qualified,2024-07-07,2024-07-10
D00394,Demo,2024-07-10,2024-07-21
D00394,Proposal,2024-07-21,2024-07-29
D00394,Negotiation,2024-07-29,2024-08-12
D00395,Lead,2024-01-06,2024-01-09
D00395,Qualified,2024-01-09,2024-01-14
D00395,Demo,2024-01-14,2024-01-27
D00395,Proposal,2024-01-27,2024-02-06
D00396,Lead,2026-04-08,2026-04-12
D00396,Qualified,2026-04-12,2026-04-19
D00396,Demo,2026-04-19,2026-04-26
D00396,Proposal,2026-04-26,2026-05-11
D00396,Negotiation,2026-05-11,2026-05-16
D00397,Lead,2025-06-07,2025-06-12
D00397,Qualified,2025-06-12,2025-06-16
D00397,Demo,2025-06-16,2025-06-23
D00397,Proposal,2025-06-23,2025-07-09
D00398,Lead,2026-07-09,2026-07-14
D00398,Qualified,2026-07-14,2026-07-23
D00398,Demo,2026-07-23,
D00399,Lead,2026-04-22,2026-04-26
D00399,Qualified,2026-04-26,2026-05-02
D00399,Demo,2026-05-02,2026-05-15
D00399,Proposal,2026-05-15,2026-05-30
D00399,Negotiation,2026-05-30,2026-06-17
D00400,Lead,2025-02-13,2025-02-17
D00400,Qualified,2025-02-17,2025-02-25
D00400,Demo,2025-02-25,2025-03-02
D00401,Lead,2026-01-11,2026-01-17
D00402,Lead,2026-05-24,2026-05-26
D00402,Qualified,2026-05-26,2026-06-02
D00402,Demo,2026-06-02,2026-06-14
D00402,Proposal,2026-06-14,2026-06-26
D00402,Negotiation,2026-06-26,2026-07-03
D00403,Lead,2024-10-30,2024-11-04
D00403,Qualified,2024-11-04,2024-11-07
D00404,Lead,2026-04-29,2026-05-05
D00404,Qualified,2026-05-05,2026-05-10
D00404,Demo,2026-05-10,2026-05-21
D00404,Proposal,2026-05-21,2026-05-29
D00404,Negotiation,2026-05-29,2026-06-13
D00405,Lead,2024-07-10,2024-07-12
D00405,Qualified,2024-07-12,2024-07-19
D00405,Demo,2024-07-19,2024-08-01
D00405,Proposal,2024-08-01,2024-08-14
D00405,Negotiation,2024-08-14,2024-08-23
D00406,Lead,2024-04-23,2024-04-25
D00406,Qualified,2024-04-25,2024-04-30
D00406,Demo,2024-04-30,2024-05-10
D00406,Proposal,2024-05-10,2024-05-22
D00406,Negotiation,2024-05-22,2024-05-28
D00407,Lead,2026-07-12,2026-07-21
D00407,Qualified,2026-07-21,
D00408,Lead,2025-08-20,2025-08-25
D00408,Qualified,2025-08-25,2025-09-01
D00408,Demo,2025-09-01,2025-09-08
D00408,Proposal,2025-09-08,2025-09-23
D00408,Negotiation,2025-09-23,2025-09-28
D00409,Lead,2026-05-27,2026-06-02
D00409,Qualified,2026-06-02,2026-06-08
D00410,Lead,2026-06-03,2026-06-11
D00410,Qualified,2026-06-11,2026-06-17
D00410,Demo,2026-06-17,2026-06-27
D00410,Proposal,2026-06-27,2026-07-10
D00410,Negotiation,2026-07-10,
D00411,Lead,2024-05-30,2024-06-02
D00411,Qualified,2024-06-02,2024-06-05
D00411,Demo,2024-06-05,2024-06-12
D00411,Proposal,2024-06-12,2024-07-03
D00411,Negotiation,2024-07-03,2024-07-13
D00412,Lead,2024-05-26,2024-05-28
D00412,Qualified,2024-05-28,2024-06-03
D00412,Demo,2024-06-03,2024-06-09
D00412,Proposal,2024-06-09,2024-06-20
D00412,Negotiation,2024-06-20,2024-06-28
D00413,Lead,2025-04-17,2025-04-21
D00413,Qualified,2025-04-21,2025-04-26
D00413,Demo,2025-04-26,2025-05-06
D00413,Proposal,2025-05-06,2025-05-13
D00413,Negotiation,2025-05-13,2025-05-23
D00414,Lead,2025-08-02,2025-08-04
D00414,Qualified,2025-08-04,2025-08-09
D00414,Demo,2025-08-09,2025-08-12
D00414,Proposal,2025-08-12,2025-08-26
D00415,Lead,2025-06-12,2025-06-17
D00415,Qualified,2025-06-17,2025-06-24
D00415,Demo,2025-06-24,2025-07-01
D00415,Proposal,2025-07-01,2025-07-11
D00416,Lead,2026-05-01,2026-05-04
D00416,Qualified,2026-05-04,2026-05-10
D00416,Demo,2026-05-10,2026-05-17
D00416,Proposal,2026-05-17,2026-05-27
D00416,Negotiation,2026-05-27,2026-06-07
D00417,Lead,2026-04-13,2026-04-16
D00417,Qualified,2026-04-16,2026-04-24
D00417,Demo,2026-04-24,2026-04-29
D00417,Proposal,2026-04-29,2026-05-07
D00417,Negotiation,2026-05-07,2026-05-20
D00418,Lead,2024-12-26,2024-12-31
D00418,Qualified,2024-12-31,2025-01-10
D00418,Demo,2025-01-10,2025-01-17
D00418,Proposal,2025-01-17,2025-01-27
D00419,Lead,2026-04-29,2026-05-01
D00419,Qualified,2026-05-01,2026-05-04
D00419,Demo,2026-05-04,2026-05-17
D00419,Proposal,2026-05-17,2026-06-04
D00419,Negotiation,2026-06-04,2026-06-19
D00420,Lead,2024-11-24,2024-11-29
D00420,Qualified,2024-11-29,2024-12-04
D00420,Demo,2024-12-04,2024-12-16
D00420,Proposal,2024-12-16,2024-12-29
D00420,Negotiation,2024-12-29,2025-01-05
D00421,Lead,2025-11-29,2025-12-03
D00421,Qualified,2025-12-03,2025-12-14
D00421,Demo,2025-12-14,2025-12-20
D00421,Proposal,2025-12-20,2026-01-11
D00422,Lead,2024-01-24,2024-01-26
D00422,Qualified,2024-01-26,2024-02-03
D00422,Demo,2024-02-03,2024-02-11
D00422,Proposal,2024-02-11,2024-02-26
D00422,Negotiation,2024-02-26,2024-03-08
D00423,Lead,2024-12-03,2024-12-09
D00423,Qualified,2024-12-09,2024-12-17
D00423,Demo,2024-12-17,2024-12-26
D00423,Proposal,2024-12-26,2025-01-08
D00424,Lead,2024-11-06,2024-11-13
D00424,Qualified,2024-11-13,2024-11-20
D00425,Lead,2024-04-28,2024-04-30
D00425,Qualified,2024-04-30,2024-05-05
D00425,Demo,2024-05-05,2024-05-16
D00425,Proposal,2024-05-16,2024-06-16
D00426,Lead,2024-11-17,2024-11-19
D00426,Qualified,2024-11-19,2024-11-29
D00426,Demo,2024-11-29,2024-12-11
D00426,Proposal,2024-12-11,2024-12-22
D00426,Negotiation,2024-12-22,2024-12-30
D00427,Lead,2024-02-25,2024-02-29
D00427,Qualified,2024-02-29,2024-03-08
D00427,Demo,2024-03-08,2024-03-21
D00427,Proposal,2024-03-21,2024-04-05
D00428,Lead,2024-11-03,2024-11-04
D00428,Qualified,2024-11-04,2024-11-12
D00428,Demo,2024-11-12,2024-11-18
D00428,Proposal,2024-11-18,2024-11-25
D00428,Negotiation,2024-11-25,2024-12-05
D00429,Lead,2026-01-23,2026-01-29
D00429,Qualified,2026-01-29,2026-02-02
D00429,Demo,2026-02-02,2026-02-15
D00429,Proposal,2026-02-15,2026-02-25
D00429,Negotiation,2026-02-25,2026-03-08
D00430,Lead,2025-09-22,2025-09-27
D00430,Qualified,2025-09-27,2025-10-01
D00430,Demo,2025-10-01,2025-10-05
D00430,Proposal,2025-10-05,2025-10-15
D00431,Lead,2024-03-06,2024-03-13
D00431,Qualified,2024-03-13,2024-03-18
D00431,Demo,2024-03-18,2024-04-02
D00432,Lead,2024-01-17,2024-01-18
D00432,Qualified,2024-01-18,2024-01-24
D00432,Demo,2024-01-24,2024-02-04
D00432,Proposal,2024-02-04,2024-02-26
D00432,Negotiation,2024-02-26,2024-03-09
D00433,Lead,2024-06-13,2024-06-14
D00433,Qualified,2024-06-14,2024-06-18
D00433,Demo,2024-06-18,2024-06-25
D00433,Proposal,2024-06-25,2024-07-11
D00434,Lead,2025-10-07,2025-10-13
D00434,Qualified,2025-10-13,2025-10-16
D00434,Demo,2025-10-16,2025-10-26
D00434,Proposal,2025-10-26,2025-11-07
D00434,Negotiation,2025-11-07,2025-11-17
D00435,Lead,2025-09-11,2025-09-16
D00435,Qualified,2025-09-16,2025-09-22
D00435,Demo,2025-09-22,2025-09-30
D00435,Proposal,2025-09-30,2025-10-24
D00435,Negotiation,2025-10-24,2025-11-04
D00436,Lead,2026-02-22,2026-02-28
D00436,Qualified,2026-02-28,2026-03-08
D00436,Demo,2026-03-08,2026-03-18
D00436,Proposal,2026-03-18,2026-03-30
D00436,Negotiation,2026-03-30,2026-04-10
D00437,Lead,2026-01-28,2026-02-02
D00437,Qualified,2026-02-02,2026-02-13
D00437,Demo,2026-02-13,2026-02-24
D00437,Proposal,2026-02-24,2026-03-05
D00438,Lead,2026-07-07,2026-07-09
D00438,Qualified,2026-07-09,2026-07-14
D00438,Demo,2026-07-14,2026-07-20
D00438,Proposal,2026-07-20,
D00439,Lead,2024-09-22,2024-09-26
D00439,Qualified,2024-09-26,2024-10-06
D00439,Demo,2024-10-06,2024-10-17
D00440,Lead,2025-08-07,2025-08-12
D00440,Qualified,2025-08-12,2025-08-19
D00440,Demo,2025-08-19,2025-08-31
D00440,Proposal,2025-08-31,2025-09-29
D00440,Negotiation,2025-09-29,2025-10-07
D00441,Lead,2024-02-09,2024-02-14
D00441,Qualified,2024-02-14,2024-02-23
D00441,Demo,2024-02-23,2024-03-04
D00441,Proposal,2024-03-04,2024-03-15
D00441,Negotiation,2024-03-15,2024-04-01
D00442,Lead,2026-06-26,2026-06-28
D00442,Qualified,2026-06-28,2026-07-06
D00442,Demo,2026-07-06,2026-07-12
D00442,Proposal,2026-07-12,
D00443,Lead,2026-07-07,2026-07-13
D00443,Qualified,2026-07-13,2026-07-22
D00443,Demo,2026-07-22,
D00444,Lead,2026-06-30,2026-07-02
D00444,Qualified,2026-07-02,2026-07-08
D00444,Demo,2026-07-08,2026-07-18
D00444,Proposal,2026-07-18,
D00445,Lead,2026-06-24,2026-06-30
D00445,Qualified,2026-06-30,2026-07-08
D00445,Demo,2026-07-08,2026-07-20
D00445,Proposal,2026-07-20,
D00446,Lead,2024-01-14,2024-01-19
D00446,Qualified,2024-01-19,2024-01-29
D00446,Demo,2024-01-29,2024-02-13
D00446,Proposal,2024-02-13,2024-02-25
D00446,Negotiation,2024-02-25,2024-03-09
D00447,Lead,2025-07-08,2025-07-13
D00447,Qualified,2025-07-13,2025-07-18
D00447,Demo,2025-07-18,2025-07-26
D00447,Proposal,2025-07-26,2025-08-04
D00447,Negotiation,2025-08-04,2025-08-10
D00448,Lead,2026-02-20,2026-02-21
D00448,Qualified,2026-02-21,2026-02-28
D00448,Demo,2026-02-28,2026-03-06
D00448,Proposal,2026-03-06,2026-03-22
D00448,Negotiation,2026-03-22,2026-03-30
D00449,Lead,2024-11-14,2024-11-18
D00449,Qualified,2024-11-18,2024-11-25
D00449,Demo,2024-11-25,2024-12-04
D00449,Proposal,2024-12-04,2024-12-23
D00450,Lead,2026-02-14,2026-02-18
D00450,Qualified,2026-02-18,2026-02-25
D00450,Demo,2026-02-25,2026-03-05
D00450,Proposal,2026-03-05,2026-03-22
D00450,Negotiation,2026-03-22,2026-03-30
D00451,Lead,2025-01-15,2025-01-20
D00451,Qualified,2025-01-20,2025-01-29
D00451,Demo,2025-01-29,2025-02-06
D00451,Proposal,2025-02-06,2025-02-13
D00452,Lead,2025-08-31,2025-09-03
D00453,Lead,2024-11-09,2024-11-13
D00453,Qualified,2024-11-13,2024-11-17
D00453,Demo,2024-11-17,2024-11-25
D00453,Proposal,2024-11-25,2024-12-06
D00453,Negotiation,2024-12-06,2024-12-16
D00454,Lead,2026-05-07,2026-05-08
D00454,Qualified,2026-05-08,2026-05-14
D00454,Demo,2026-05-14,2026-05-23
D00454,Proposal,2026-05-23,2026-05-31
D00454,Negotiation,2026-05-31,2026-06-11
D00455,Lead,2025-07-27,2025-07-30
D00456,Lead,2024-08-06,2024-08-10
D00456,Qualified,2024-08-10,2024-08-12
D00457,Lead,2025-05-29,2025-06-03
D00458,Lead,2026-04-23,2026-04-26
D00458,Qualified,2026-04-26,2026-05-04
D00459,Lead,2024-06-30,2024-07-04
D00459,Qualified,2024-07-04,2024-07-10
D00459,Demo,2024-07-10,2024-07-16
D00459,Proposal,2024-07-16,2024-08-15
D00459,Negotiation,2024-08-15,2024-08-19
D00460,Lead,2025-05-28,2025-05-30
D00460,Qualified,2025-05-30,2025-06-03
D00461,Lead,2025-08-04,2025-08-07
D00461,Qualified,2025-08-07,2025-08-12
D00461,Demo,2025-08-12,2025-08-26
D00461,Proposal,2025-08-26,2025-09-10
D00461,Negotiation,2025-09-10,2025-09-22
D00462,Lead,2024-07-01,2024-07-05
D00462,Qualified,2024-07-05,2024-07-09
D00462,Demo,2024-07-09,2024-07-15
D00462,Proposal,2024-07-15,2024-07-21
D00462,Negotiation,2024-07-21,2024-07-30
D00463,Lead,2025-05-30,2025-06-06
D00463,Qualified,2025-06-06,2025-06-11
D00463,Demo,2025-06-11,2025-06-22
D00463,Proposal,2025-06-22,2025-07-07
D00463,Negotiation,2025-07-07,2025-07-13
D00464,Lead,2026-05-31,2026-06-03
D00464,Qualified,2026-06-03,2026-06-07
D00464,Demo,2026-06-07,2026-06-15
D00465,Lead,2024-10-02,2024-10-08
D00465,Qualified,2024-10-08,2024-10-17
D00465,Demo,2024-10-17,2024-10-28
D00465,Proposal,2024-10-28,2024-11-07
D00465,Negotiation,2024-11-07,2024-11-14
D00466,Lead,2026-05-12,2026-05-16
D00466,Qualified,2026-05-16,2026-05-24
D00466,Demo,2026-05-24,2026-06-04
D00466,Proposal,2026-06-04,2026-06-18
D00466,Negotiation,2026-06-18,2026-07-09
D00467,Lead,2024-12-21,2024-12-26
D00467,Qualified,2024-12-26,2024-12-31
D00467,Demo,2024-12-31,2025-01-06
D00467,Proposal,2025-01-06,2025-01-13
D00467,Negotiation,2025-01-13,2025-01-25
D00468,Lead,2025-03-07,2025-03-13
D00468,Qualified,2025-03-13,2025-03-22
D00469,Lead,2025-04-10,2025-04-15
D00469,Qualified,2025-04-15,2025-04-24
D00469,Demo,2025-04-24,2025-05-01
D00469,Proposal,2025-05-01,2025-05-19
D00469,Negotiation,2025-05-19,2025-05-30
D00470,Lead,2025-09-21,2025-09-25
D00470,Qualified,2025-09-25,2025-09-28
D00470,Demo,2025-09-28,2025-10-08
D00471,Lead,2025-04-02,2025-04-06
D00471,Qualified,2025-04-06,2025-04-10
D00471,Demo,2025-04-10,2025-04-20
D00471,Proposal,2025-04-20,2025-05-07
D00471,Negotiation,2025-05-07,2025-05-17
D00472,Lead,2024-03-21,2024-03-24
D00472,Qualified,2024-03-24,2024-04-02
D00472,Demo,2024-04-02,2024-04-06
D00472,Proposal,2024-04-06,2024-04-19
D00472,Negotiation,2024-04-19,2024-04-26
D00473,Lead,2025-11-18,2025-11-21
D00473,Qualified,2025-11-21,2025-11-26
D00473,Demo,2025-11-26,2025-12-03
D00473,Proposal,2025-12-03,2025-12-23
D00473,Negotiation,2025-12-23,2025-12-31
D00474,Lead,2024-12-20,2024-12-23
D00474,Qualified,2024-12-23,2024-12-27
D00474,Demo,2024-12-27,2025-01-06
D00475,Lead,2025-04-23,2025-04-25
D00475,Qualified,2025-04-25,2025-05-03
D00475,Demo,2025-05-03,2025-05-09
D00475,Proposal,2025-05-09,2025-05-21
D00476,Lead,2026-01-22,2026-01-27
D00476,Qualified,2026-01-27,2026-02-05
D00476,Demo,2026-02-05,2026-02-12
D00476,Proposal,2026-02-12,2026-02-22
D00476,Negotiation,2026-02-22,2026-03-14
D00477,Lead,2024-04-10,2024-04-13
D00478,Lead,2024-03-23,2024-03-30
D00478,Qualified,2024-03-30,2024-04-04
D00478,Demo,2024-04-04,2024-04-11
D00478,Proposal,2024-04-11,2024-04-25
D00478,Negotiation,2024-04-25,2024-05-05
D00479,Lead,2025-12-01,2025-12-06
D00479,Qualified,2025-12-06,2025-12-16
D00479,Demo,2025-12-16,2025-12-19
D00479,Proposal,2025-12-19,2025-12-28
D00479,Negotiation,2025-12-28,2026-01-08
D00480,Lead,2025-06-30,2025-07-01
D00480,Qualified,2025-07-01,2025-07-10
D00480,Demo,2025-07-10,2025-07-19
D00480,Proposal,2025-07-19,2025-08-03
D00481,Lead,2026-05-17,2026-05-21
D00481,Qualified,2026-05-21,2026-05-25
D00481,Demo,2026-05-25,2026-06-02
D00481,Proposal,2026-06-02,2026-06-21
D00481,Negotiation,2026-06-21,2026-06-28
D00482,Lead,2024-06-07,2024-06-16
D00482,Qualified,2024-06-16,2024-06-23
D00483,Lead,2025-09-25,2025-09-29
D00483,Qualified,2025-09-29,2025-10-05
D00483,Demo,2025-10-05,2025-10-10
D00483,Proposal,2025-10-10,2025-10-29
D00483,Negotiation,2025-10-29,2025-11-05
D00484,Lead,2026-05-16,2026-05-17
D00484,Qualified,2026-05-17,2026-05-23
D00484,Demo,2026-05-23,2026-05-29
D00484,Proposal,2026-05-29,2026-06-11
D00484,Negotiation,2026-06-11,2026-06-22
D00485,Lead,2026-05-10,2026-05-17
D00485,Qualified,2026-05-17,2026-05-22
D00485,Demo,2026-05-22,2026-05-28
D00485,Proposal,2026-05-28,2026-06-06
D00485,Negotiation,2026-06-06,2026-06-15
D00486,Lead,2025-03-29,2025-04-05
D00486,Qualified,2025-04-05,2025-04-09
D00486,Demo,2025-04-09,2025-04-20
D00486,Proposal,2025-04-20,2025-05-05
D00486,Negotiation,2025-05-05,2025-05-18
D00487,Lead,2026-04-24,2026-04-27
D00487,Qualified,2026-04-27,2026-05-02
D00487,Demo,2026-05-02,2026-05-13
D00487,Proposal,2026-05-13,2026-05-30
D00487,Negotiation,2026-05-30,2026-06-09
D00488,Lead,2025-06-12,2025-06-17
D00488,Qualified,2025-06-17,2025-06-21
D00488,Demo,2025-06-21,2025-06-30
D00488,Proposal,2025-06-30,2025-07-15
D00488,Negotiation,2025-07-15,2025-07-24
D00489,Lead,2026-05-18,2026-05-19
D00489,Qualified,2026-05-19,2026-05-25
D00489,Demo,2026-05-25,2026-06-04
D00489,Proposal,2026-06-04,2026-06-20
D00489,Negotiation,2026-06-20,2026-07-01
D00490,Lead,2024-03-01,2024-03-05
D00490,Qualified,2024-03-05,2024-03-16
D00490,Demo,2024-03-16,2024-03-25
D00490,Proposal,2024-03-25,2024-04-03
D00490,Negotiation,2024-04-03,2024-04-13
D00491,Lead,2025-04-01,2025-04-03
D00491,Qualified,2025-04-03,2025-04-10
D00492,Lead,2026-03-28,2026-04-03
D00492,Qualified,2026-04-03,2026-04-12
D00492,Demo,2026-04-12,2026-04-18
D00493,Lead,2025-06-28,2025-06-30
D00493,Qualified,2025-06-30,2025-07-03
D00493,Demo,2025-07-03,2025-07-14
D00494,Lead,2025-02-15,2025-02-16
D00494,Qualified,2025-02-16,2025-02-21
D00494,Demo,2025-02-21,2025-02-26
D00494,Proposal,2025-02-26,2025-03-13
D00494,Negotiation,2025-03-13,2025-03-24
D00495,Lead,2025-07-07,2025-07-11
D00495,Qualified,2025-07-11,2025-07-20
D00495,Demo,2025-07-20,2025-07-27
D00495,Proposal,2025-07-27,2025-08-06
D00495,Negotiation,2025-08-06,2025-08-12
D00496,Lead,2026-05-08,2026-05-14
D00496,Qualified,2026-05-14,2026-05-20
D00496,Demo,2026-05-20,2026-05-29
D00496,Proposal,2026-05-29,2026-06-06
D00496,Negotiation,2026-06-06,2026-06-17
D00497,Lead,2026-05-18,2026-05-21
D00497,Qualified,2026-05-21,2026-05-29
D00497,Demo,2026-05-29,2026-06-04
D00497,Proposal,2026-06-04,2026-06-18
D00498,Lead,2024-06-10,2024-06-15
D00498,Qualified,2024-06-15,2024-06-18
D00498,Demo,2024-06-18,2024-06-28
D00498,Proposal,2024-06-28,2024-07-08
D00498,Negotiation,2024-07-08,2024-07-28
D00499,Lead,2026-04-28,2026-04-30
D00499,Qualified,2026-04-30,2026-05-07
D00499,Demo,2026-05-07,2026-05-11
D00499,Proposal,2026-05-11,2026-05-20
D00499,Negotiation,2026-05-20,2026-05-27
D00500,Lead,2026-05-02,2026-05-06
D00500,Qualified,2026-05-06,2026-05-12
D00500,Demo,2026-05-12,2026-05-20
D00500,Proposal,2026-05-20,2026-05-28
D00500,Negotiation,2026-05-28,2026-06-06
D00501,Lead,2024-07-05,2024-07-08
D00501,Qualified,2024-07-08,2024-07-13
D00501,Demo,2024-07-13,2024-07-23
D00501,Proposal,2024-07-23,2024-08-05
D00501,Negotiation,2024-08-05,2024-08-13
D00502,Lead,2025-04-12,2025-04-16
D00503,Lead,2024-05-03,2024-05-06
D00503,Qualified,2024-05-06,2024-05-15
D00503,Demo,2024-05-15,2024-05-23
D00503,Proposal,2024-05-23,2024-06-07
D00503,Negotiation,2024-06-07,2024-06-18
D00504,Lead,2024-08-23,2024-08-27
D00504,Qualified,2024-08-27,2024-09-05
D00504,Demo,2024-09-05,2024-09-15
D00504,Proposal,2024-09-15,2024-09-24
D00504,Negotiation,2024-09-24,2024-10-04
D00505,Lead,2025-11-15,2025-11-18
D00505,Qualified,2025-11-18,2025-11-26
D00505,Demo,2025-11-26,2025-12-07
D00505,Proposal,2025-12-07,2025-12-20
D00505,Negotiation,2025-12-20,2025-12-27
D00506,Lead,2026-05-04,2026-05-06
D00506,Qualified,2026-05-06,2026-05-11
D00506,Demo,2026-05-11,2026-05-22
D00506,Proposal,2026-05-22,2026-06-09
D00506,Negotiation,2026-06-09,2026-06-28
D00507,Lead,2024-08-18,2024-08-25
D00507,Qualified,2024-08-25,2024-09-03
D00507,Demo,2024-09-03,2024-09-11
D00507,Proposal,2024-09-11,2024-09-21
D00507,Negotiation,2024-09-21,2024-10-05
D00508,Lead,2025-08-28,2025-08-30
D00508,Qualified,2025-08-30,2025-09-06
D00508,Demo,2025-09-06,2025-09-16
D00508,Proposal,2025-09-16,2025-10-11
D00508,Negotiation,2025-10-11,2025-10-21
D00509,Lead,2025-08-10,2025-08-16
D00509,Qualified,2025-08-16,2025-08-21
D00509,Demo,2025-08-21,2025-08-31
D00510,Lead,2024-09-11,2024-09-17
D00510,Qualified,2024-09-17,2024-09-26
D00510,Demo,2024-09-26,2024-10-05
D00510,Proposal,2024-10-05,2024-10-15
D00510,Negotiation,2024-10-15,2024-10-22
D00511,Lead,2024-07-09,2024-07-12
D00511,Qualified,2024-07-12,2024-07-16
D00511,Demo,2024-07-16,2024-07-25
D00511,Proposal,2024-07-25,2024-08-07
D00512,Lead,2025-11-10,2025-11-16
D00512,Qualified,2025-11-16,2025-11-23
D00512,Demo,2025-11-23,2025-12-02
D00512,Proposal,2025-12-02,2025-12-17
D00512,Negotiation,2025-12-17,2025-12-30
D00513,Lead,2026-04-11,2026-04-15
D00513,Qualified,2026-04-15,2026-04-20
D00513,Demo,2026-04-20,2026-04-25
D00513,Proposal,2026-04-25,2026-05-08
D00513,Negotiation,2026-05-08,2026-05-14
D00514,Lead,2026-04-27,2026-05-06
D00514,Qualified,2026-05-06,2026-05-11
D00514,Demo,2026-05-11,2026-05-24
D00514,Proposal,2026-05-24,2026-06-08
D00515,Lead,2024-06-24,2024-06-30
D00515,Qualified,2024-06-30,2024-07-09
D00515,Demo,2024-07-09,2024-07-20
D00515,Proposal,2024-07-20,2024-08-07
D00515,Negotiation,2024-08-07,2024-08-14
D00516,Lead,2025-06-04,2025-06-10
D00516,Qualified,2025-06-10,2025-06-14
D00516,Demo,2025-06-14,2025-06-22
D00516,Proposal,2025-06-22,2025-07-04
D00516,Negotiation,2025-07-04,2025-07-13
D00517,Lead,2025-01-25,2025-01-29
D00517,Qualified,2025-01-29,2025-02-04
D00517,Demo,2025-02-04,2025-02-14
D00518,Lead,2026-07-02,2026-07-07
D00519,Lead,2026-05-29,2026-06-01
D00519,Qualified,2026-06-01,2026-06-11
D00519,Demo,2026-06-11,2026-06-20
D00519,Proposal,2026-06-20,2026-07-07
D00520,Lead,2024-04-20,2024-04-23
D00520,Qualified,2024-04-23,2024-04-29
D00520,Demo,2024-04-29,2024-05-11
D00520,Proposal,2024-05-11,2024-05-19
D00520,Negotiation,2024-05-19,2024-05-30
D00521,Lead,2026-06-21,2026-06-24
D00521,Qualified,2026-06-24,2026-06-29
D00521,Demo,2026-06-29,2026-07-09
D00522,Lead,2025-09-16,2025-09-22
D00522,Qualified,2025-09-22,2025-09-27
D00522,Demo,2025-09-27,2025-10-05
D00522,Proposal,2025-10-05,2025-10-18
D00522,Negotiation,2025-10-18,2025-10-24
D00523,Lead,2024-07-01,2024-07-07
D00523,Qualified,2024-07-07,2024-07-14
D00523,Demo,2024-07-14,2024-07-20
D00523,Proposal,2024-07-20,2024-07-27
D00523,Negotiation,2024-07-27,2024-08-11
D00524,Lead,2026-05-04,2026-05-08
D00524,Qualified,2026-05-08,2026-05-15
D00524,Demo,2026-05-15,2026-05-28
D00524,Proposal,2026-05-28,2026-06-09
D00524,Negotiation,2026-06-09,2026-06-17
D00525,Lead,2026-04-30,2026-05-07
D00525,Qualified,2026-05-07,2026-05-16
D00525,Demo,2026-05-16,2026-05-27
D00525,Proposal,2026-05-27,2026-06-08
D00526,Lead,2025-04-25,2025-04-28
D00526,Qualified,2025-04-28,2025-05-01
D00526,Demo,2025-05-01,2025-05-09
D00526,Proposal,2025-05-09,2025-05-18
D00526,Negotiation,2025-05-18,2025-05-29
D00527,Lead,2024-06-05,2024-06-08
D00527,Qualified,2024-06-08,2024-06-17
D00527,Demo,2024-06-17,2024-06-24
D00527,Proposal,2024-06-24,2024-07-09
D00527,Negotiation,2024-07-09,2024-07-16
D00528,Lead,2026-04-23,2026-04-27
D00528,Qualified,2026-04-27,2026-05-05
D00528,Demo,2026-05-05,2026-05-12
D00528,Proposal,2026-05-12,2026-05-23
D00528,Negotiation,2026-05-23,2026-06-04
D00529,Lead,2025-02-01,2025-02-09
D00529,Qualified,2025-02-09,2025-02-15
D00529,Demo,2025-02-15,2025-02-22
D00529,Proposal,2025-02-22,2025-03-05
D00529,Negotiation,2025-03-05,2025-03-11
D00530,Lead,2026-05-10,2026-05-16
D00530,Qualified,2026-05-16,2026-05-22
D00530,Demo,2026-05-22,2026-05-27
D00530,Proposal,2026-05-27,2026-06-08
D00531,Lead,2025-06-13,2025-06-16
D00531,Qualified,2025-06-16,2025-06-19
D00531,Demo,2025-06-19,2025-06-24
D00531,Proposal,2025-06-24,2025-07-27
D00531,Negotiation,2025-07-27,2025-08-05
D00532,Lead,2026-04-22,2026-04-23
D00532,Qualified,2026-04-23,2026-04-28
D00532,Demo,2026-04-28,2026-05-09
D00532,Proposal,2026-05-09,2026-05-14
D00532,Negotiation,2026-05-14,2026-05-22
D00533,Lead,2025-12-17,2025-12-23
D00533,Qualified,2025-12-23,2025-12-30
D00533,Demo,2025-12-30,2026-01-03
D00533,Proposal,2026-01-03,2026-01-09
D00533,Negotiation,2026-01-09,2026-01-18
D00534,Lead,2026-05-24,2026-05-28
D00534,Qualified,2026-05-28,2026-06-01
D00534,Demo,2026-06-01,2026-06-08
D00535,Lead,2026-05-21,2026-05-23
D00535,Qualified,2026-05-23,2026-05-26
D00535,Demo,2026-05-26,2026-06-04
D00536,Lead,2026-07-15,2026-07-19
D00536,Qualified,2026-07-19,
D00537,Lead,2025-05-15,2025-05-16
D00537,Qualified,2025-05-16,2025-05-24
D00537,Demo,2025-05-24,2025-05-31
D00537,Proposal,2025-05-31,2025-06-30
D00538,Lead,2026-06-29,2026-06-30
D00538,Qualified,2026-06-30,2026-07-06
D00538,Demo,2026-07-06,2026-07-19
D00538,Proposal,2026-07-19,
D00539,Lead,2025-12-26,2026-01-02
D00539,Qualified,2026-01-02,2026-01-10
D00539,Demo,2026-01-10,2026-01-19
D00539,Proposal,2026-01-19,2026-02-03
D00539,Negotiation,2026-02-03,2026-02-10
D00540,Lead,2025-10-17,2025-10-23
D00540,Qualified,2025-10-23,2025-10-27
D00541,Lead,2026-04-17,2026-04-20
D00541,Qualified,2026-04-20,2026-04-25
D00541,Demo,2026-04-25,2026-04-30
D00541,Proposal,2026-04-30,2026-05-15
D00541,Negotiation,2026-05-15,2026-05-23
D00542,Lead,2026-06-20,2026-06-24
D00542,Qualified,2026-06-24,2026-06-28
D00542,Demo,2026-06-28,2026-07-07
D00542,Proposal,2026-07-07,2026-07-14
D00542,Negotiation,2026-07-14,2026-07-21
D00543,Lead,2024-06-02,2024-06-07
D00543,Qualified,2024-06-07,2024-06-14
D00543,Demo,2024-06-14,2024-06-21
D00543,Proposal,2024-06-21,2024-07-11
D00543,Negotiation,2024-07-11,2024-07-20
D00544,Lead,2024-11-14,2024-11-17
D00544,Qualified,2024-11-17,2024-11-25
D00544,Demo,2024-11-25,2024-12-09
D00544,Proposal,2024-12-09,2024-12-25
D00544,Negotiation,2024-12-25,2025-01-01
D00545,Lead,2026-07-12,2026-07-17
D00545,Qualified,2026-07-17,2026-07-21
D00545,Demo,2026-07-21,
D00546,Lead,2026-07-01,2026-07-07
D00546,Qualified,2026-07-07,2026-07-16
D00546,Demo,2026-07-16,
D00547,Lead,2025-05-11,2025-05-18
D00547,Qualified,2025-05-18,2025-05-25
D00547,Demo,2025-05-25,2025-06-01
D00547,Proposal,2025-06-01,2025-06-19
D00547,Negotiation,2025-06-19,2025-07-06
D00548,Lead,2025-08-31,2025-09-03
D00548,Qualified,2025-09-03,2025-09-10
D00548,Demo,2025-09-10,2025-09-22
D00548,Proposal,2025-09-22,2025-10-04
D00548,Negotiation,2025-10-04,2025-10-11
D00549,Lead,2026-02-13,2026-02-15
D00549,Qualified,2026-02-15,2026-02-19
D00549,Demo,2026-02-19,2026-02-26
D00549,Proposal,2026-02-26,2026-03-20
D00550,Lead,2024-04-01,2024-04-05
D00550,Qualified,2024-04-05,2024-04-17
D00550,Demo,2024-04-17,2024-04-28
D00550,Proposal,2024-04-28,2024-05-09
D00550,Negotiation,2024-05-09,2024-05-14
D00551,Lead,2026-06-30,2026-07-04
D00551,Qualified,2026-07-04,2026-07-12
D00551,Demo,2026-07-12,2026-07-23
D00551,Proposal,2026-07-23,
D00552,Lead,2025-02-06,2025-02-13
D00552,Qualified,2025-02-13,2025-02-19
D00552,Demo,2025-02-19,2025-02-26
D00552,Proposal,2025-02-26,2025-03-08
D00552,Negotiation,2025-03-08,2025-03-15
D00553,Lead,2026-04-19,2026-04-24
D00553,Qualified,2026-04-24,2026-04-30
D00553,Demo,2026-04-30,2026-05-08
D00553,Proposal,2026-05-08,2026-05-25
D00553,Negotiation,2026-05-25,2026-06-06
D00554,Lead,2024-06-12,2024-06-13
D00554,Qualified,2024-06-13,2024-06-24
D00554,Demo,2024-06-24,2024-07-01
D00554,Proposal,2024-07-01,2024-07-17
D00554,Negotiation,2024-07-17,2024-07-25
D00555,Lead,2026-05-16,2026-05-19
D00555,Qualified,2026-05-19,2026-05-21
D00555,Demo,2026-05-21,2026-06-04
D00555,Proposal,2026-06-04,2026-06-10
D00556,Lead,2026-05-20,2026-05-27
D00557,Lead,2026-01-02,2026-01-03
D00557,Qualified,2026-01-03,2026-01-08
D00557,Demo,2026-01-08,2026-01-17
D00557,Proposal,2026-01-17,2026-01-28
D00557,Negotiation,2026-01-28,2026-02-06
D00558,Lead,2026-06-25,2026-07-01
D00559,Lead,2026-02-01,2026-02-06
D00559,Qualified,2026-02-06,2026-02-17
D00559,Demo,2026-02-17,2026-02-23
D00559,Proposal,2026-02-23,2026-03-11
D00559,Negotiation,2026-03-11,2026-03-16
D00560,Lead,2026-04-19,2026-04-26
D00560,Qualified,2026-04-26,2026-05-05
D00560,Demo,2026-05-05,2026-05-19
D00560,Proposal,2026-05-19,2026-06-21
D00560,Negotiation,2026-06-21,2026-07-01
D00561,Lead,2024-07-31,2024-08-06
D00561,Qualified,2024-08-06,2024-08-15
D00561,Demo,2024-08-15,2024-08-22
D00561,Proposal,2024-08-22,2024-09-02
D00561,Negotiation,2024-09-02,2024-09-08
D00562,Lead,2025-03-08,2025-03-14
D00562,Qualified,2025-03-14,2025-03-18
D00562,Demo,2025-03-18,2025-03-26
D00562,Proposal,2025-03-26,2025-04-03
D00562,Negotiation,2025-04-03,2025-04-08
D00563,Lead,2026-05-02,2026-05-05
D00563,Qualified,2026-05-05,2026-05-09
D00563,Demo,2026-05-09,2026-05-25
D00563,Proposal,2026-05-25,2026-06-10
D00563,Negotiation,2026-06-10,2026-06-17
D00564,Lead,2026-06-04,2026-06-07
D00564,Qualified,2026-06-07,2026-06-13
D00564,Demo,2026-06-13,2026-06-25
D00564,Proposal,2026-06-25,2026-07-08
D00564,Negotiation,2026-07-08,2026-07-20
D00565,Lead,2024-10-12,2024-10-18
D00565,Qualified,2024-10-18,2024-10-26
D00565,Demo,2024-10-26,2024-10-31
D00565,Proposal,2024-10-31,2024-11-13
D00565,Negotiation,2024-11-13,2024-12-02
D00566,Lead,2026-05-04,2026-05-09
D00566,Qualified,2026-05-09,2026-05-12
D00566,Demo,2026-05-12,2026-05-25
D00566,Proposal,2026-05-25,2026-06-04
D00567,Lead,2024-03-13,2024-03-14
D00567,Qualified,2024-03-14,2024-03-21
D00567,Demo,2024-03-21,2024-04-02
D00567,Proposal,2024-04-02,2024-04-21
D00567,Negotiation,2024-04-21,2024-04-30
D00568,Lead,2026-03-20,2026-03-24
D00568,Qualified,2026-03-24,2026-03-31
D00569,Lead,2025-02-06,2025-02-10
D00569,Qualified,2025-02-10,2025-02-17
D00569,Demo,2025-02-17,2025-02-26
D00569,Proposal,2025-02-26,2025-03-10
D00569,Negotiation,2025-03-10,2025-03-24
D00570,Lead,2024-10-01,2024-10-06
D00570,Qualified,2024-10-06,2024-10-11
D00570,Demo,2024-10-11,2024-10-16
D00570,Proposal,2024-10-16,2024-10-29
D00570,Negotiation,2024-10-29,2024-11-03
D00571,Lead,2024-06-26,2024-06-27
D00571,Qualified,2024-06-27,2024-06-30
D00571,Demo,2024-06-30,2024-07-05
D00571,Proposal,2024-07-05,2024-07-13
D00571,Negotiation,2024-07-13,2024-07-24
D00572,Lead,2025-07-17,2025-07-23
D00572,Qualified,2025-07-23,2025-07-28
D00572,Demo,2025-07-28,2025-08-03
D00573,Lead,2024-05-10,2024-05-11
D00573,Qualified,2024-05-11,2024-05-18
D00573,Demo,2024-05-18,2024-05-26
D00573,Proposal,2024-05-26,2024-06-08
D00573,Negotiation,2024-06-08,2024-06-14
D00574,Lead,2024-06-13,2024-06-19
D00574,Qualified,2024-06-19,2024-06-26
D00574,Demo,2024-06-26,2024-07-05
D00574,Proposal,2024-07-05,2024-07-20
D00574,Negotiation,2024-07-20,2024-07-30
D00575,Lead,2026-05-20,2026-05-25
D00575,Qualified,2026-05-25,2026-06-02
D00575,Demo,2026-06-02,2026-06-09
D00575,Proposal,2026-06-09,2026-06-24
D00575,Negotiation,2026-06-24,2026-07-02
D00576,Lead,2026-07-14,2026-07-16
D00576,Qualified,2026-07-16,2026-07-21
D00576,Demo,2026-07-21,
D00577,Lead,2026-04-09,2026-04-14
D00577,Qualified,2026-04-14,2026-04-18
D00577,Demo,2026-04-18,2026-04-26
D00577,Proposal,2026-04-26,2026-05-07
D00577,Negotiation,2026-05-07,2026-05-13
D00578,Lead,2025-04-26,2025-04-29
D00578,Qualified,2025-04-29,2025-05-03
D00578,Demo,2025-05-03,2025-05-13
D00578,Proposal,2025-05-13,2025-05-19
D00578,Negotiation,2025-05-19,2025-05-29
D00579,Lead,2026-05-02,2026-05-06
D00579,Qualified,2026-05-06,2026-05-10
D00579,Demo,2026-05-10,2026-05-24
D00580,Lead,2025-02-08,2025-02-15
D00580,Qualified,2025-02-15,2025-02-22
D00580,Demo,2025-02-22,2025-02-28
D00580,Proposal,2025-02-28,2025-03-13
D00580,Negotiation,2025-03-13,2025-03-21
D00581,Lead,2024-08-08,2024-08-13
D00581,Qualified,2024-08-13,2024-08-20
D00581,Demo,2024-08-20,2024-08-27
D00581,Proposal,2024-08-27,2024-09-07
D00581,Negotiation,2024-09-07,2024-09-14
D00582,Lead,2026-06-14,2026-06-20
D00583,Lead,2026-06-19,2026-06-22
D00583,Qualified,2026-06-22,2026-06-27
D00583,Demo,2026-06-27,2026-07-06
D00583,Proposal,2026-07-06,2026-07-18
D00583,Negotiation,2026-07-18,
D00584,Lead,2024-06-06,2024-06-12
D00584,Qualified,2024-06-12,2024-06-19
D00584,Demo,2024-06-19,2024-06-30
D00584,Proposal,2024-06-30,2024-07-17
D00584,Negotiation,2024-07-17,2024-07-30
D00585,Lead,2024-08-12,2024-08-19
D00585,Qualified,2024-08-19,2024-08-24
D00585,Demo,2024-08-24,2024-09-01
D00585,Proposal,2024-09-01,2024-09-14
D00585,Negotiation,2024-09-14,2024-09-23
D00586,Lead,2024-09-08,2024-09-13
D00586,Qualified,2024-09-13,2024-09-25
D00586,Demo,2024-09-25,2024-10-03
D00586,Proposal,2024-10-03,2024-10-14
D00586,Negotiation,2024-10-14,2024-10-28
D00587,Lead,2026-07-04,2026-07-12
D00587,Qualified,2026-07-12,2026-07-14
D00587,Demo,2026-07-14,2026-07-23
D00587,Proposal,2026-07-23,
D00588,Lead,2024-06-17,2024-06-20
D00588,Qualified,2024-06-20,2024-06-22
D00588,Demo,2024-06-22,2024-07-02
D00588,Proposal,2024-07-02,2024-07-09
D00588,Negotiation,2024-07-09,2024-07-20
D00589,Lead,2026-05-07,2026-05-11
D00589,Qualified,2026-05-11,2026-05-15
D00589,Demo,2026-05-15,2026-05-23
D00589,Proposal,2026-05-23,2026-05-29
D00589,Negotiation,2026-05-29,2026-06-07
D00590,Lead,2025-11-11,2025-11-15
D00590,Qualified,2025-11-15,2025-11-21
D00590,Demo,2025-11-21,2025-11-27
D00590,Proposal,2025-11-27,2025-12-16
D00591,Lead,2024-10-16,2024-10-21
D00591,Qualified,2024-10-21,2024-10-27
D00591,Demo,2024-10-27,2024-11-04
D00592,Lead,2026-04-20,2026-04-27
D00592,Qualified,2026-04-27,2026-05-01
D00592,Demo,2026-05-01,2026-05-13
D00592,Proposal,2026-05-13,2026-05-19
D00592,Negotiation,2026-05-19,2026-06-07
D00593,Lead,2026-01-08,2026-01-13
D00593,Qualified,2026-01-13,2026-01-14
D00593,Demo,2026-01-14,2026-01-22
D00593,Proposal,2026-01-22,2026-01-31
D00593,Negotiation,2026-01-31,2026-02-09
D00594,Lead,2025-07-05,2025-07-10
D00594,Qualified,2025-07-10,2025-07-16
D00594,Demo,2025-07-16,2025-07-22
D00594,Proposal,2025-07-22,2025-07-28
D00594,Negotiation,2025-07-28,2025-08-04
D00595,Lead,2024-03-18,2024-03-22
D00595,Qualified,2024-03-22,2024-03-30
D00595,Demo,2024-03-30,2024-04-06
D00595,Proposal,2024-04-06,2024-04-23
D00595,Negotiation,2024-04-23,2024-04-27
D00596,Lead,2026-07-07,2026-07-12
D00596,Qualified,2026-07-12,2026-07-22
D00596,Demo,2026-07-22,
D00597,Lead,2026-05-05,2026-05-10
D00597,Qualified,2026-05-10,2026-05-19
D00597,Demo,2026-05-19,2026-05-31
D00597,Proposal,2026-05-31,2026-06-27
D00597,Negotiation,2026-06-27,2026-07-05
D00598,Lead,2026-03-23,2026-03-27
D00598,Qualified,2026-03-27,2026-03-31
D00598,Demo,2026-03-31,2026-04-12
D00598,Proposal,2026-04-12,2026-04-22
D00598,Negotiation,2026-04-22,2026-05-07
D00599,Lead,2025-10-19,2025-10-23
D00599,Qualified,2025-10-23,2025-10-30
D00599,Demo,2025-10-30,2025-11-09
D00600,Lead,2025-08-30,2025-09-06
D00600,Qualified,2025-09-06,2025-09-13
D00600,Demo,2025-09-13,2025-09-21
D00600,Proposal,2025-09-21,2025-10-07
D00600,Negotiation,2025-10-07,2025-10-16
D00601,Lead,2024-11-03,2024-11-05
D00601,Qualified,2024-11-05,2024-11-12
D00601,Demo,2024-11-12,2024-11-18
D00601,Proposal,2024-11-18,2024-11-27
D00601,Negotiation,2024-11-27,2024-12-05
D00602,Lead,2026-06-10,2026-06-11
D00602,Qualified,2026-06-11,2026-06-17
D00602,Demo,2026-06-17,2026-06-26
D00603,Lead,2024-04-19,2024-04-24
D00603,Qualified,2024-04-24,2024-05-02
D00603,Demo,2024-05-02,2024-05-11
D00603,Proposal,2024-05-11,2024-05-26
D00603,Negotiation,2024-05-26,2024-06-05
D00604,Lead,2026-06-10,2026-06-16
D00604,Qualified,2026-06-16,2026-06-24
D00604,Demo,2026-06-24,2026-07-04
D00605,Lead,2025-12-08,2025-12-16
D00605,Qualified,2025-12-16,2025-12-21
D00605,Demo,2025-12-21,2026-01-02
D00605,Proposal,2026-01-02,2026-01-16
D00605,Negotiation,2026-01-16,2026-01-24
D00606,Lead,2024-11-28,2024-12-03
D00606,Qualified,2024-12-03,2024-12-09
D00606,Demo,2024-12-09,2024-12-17
D00607,Lead,2025-06-20,2025-06-24
D00607,Qualified,2025-06-24,2025-06-30
D00607,Demo,2025-06-30,2025-07-06
D00607,Proposal,2025-07-06,2025-07-22
D00607,Negotiation,2025-07-22,2025-07-28
D00608,Lead,2025-07-18,2025-07-22
D00608,Qualified,2025-07-22,2025-07-28
D00608,Demo,2025-07-28,2025-08-15
D00608,Proposal,2025-08-15,2025-09-02
D00608,Negotiation,2025-09-02,2025-09-14
D00609,Lead,2024-12-01,2024-12-04
D00609,Qualified,2024-12-04,2024-12-09
D00609,Demo,2024-12-09,2024-12-18
D00609,Proposal,2024-12-18,2025-01-01
D00609,Negotiation,2025-01-01,2025-01-07
D00610,Lead,2025-05-19,2025-05-23
D00610,Qualified,2025-05-23,2025-05-28
D00610,Demo,2025-05-28,2025-06-13
D00610,Proposal,2025-06-13,2025-06-22
D00611,Lead,2024-10-14,2024-10-18
D00611,Qualified,2024-10-18,2024-10-25
D00611,Demo,2024-10-25,2024-10-30
D00611,Proposal,2024-10-30,2024-11-04
D00611,Negotiation,2024-11-04,2024-11-09
D00612,Lead,2025-03-13,2025-03-19
D00613,Lead,2026-05-06,2026-05-10
D00613,Qualified,2026-05-10,2026-05-15
D00613,Demo,2026-05-15,2026-05-19
D00613,Proposal,2026-05-19,2026-05-25
D00614,Lead,2026-04-20,2026-04-23
D00614,Qualified,2026-04-23,2026-04-30
D00614,Demo,2026-04-30,2026-05-11
D00614,Proposal,2026-05-11,2026-05-26
D00614,Negotiation,2026-05-26,2026-06-04
D00615,Lead,2026-06-11,2026-06-15
D00615,Qualified,2026-06-15,2026-06-20
D00615,Demo,2026-06-20,2026-06-29
D00615,Proposal,2026-06-29,
D00616,Lead,2026-04-16,2026-04-21
D00616,Qualified,2026-04-21,2026-04-30
D00616,Demo,2026-04-30,2026-05-09
D00616,Proposal,2026-05-09,2026-05-22
D00616,Negotiation,2026-05-22,2026-05-28
D00617,Lead,2024-03-14,2024-03-18
D00617,Qualified,2024-03-18,2024-03-28
D00617,Demo,2024-03-28,2024-04-08
D00618,Lead,2025-05-07,2025-05-08
D00618,Qualified,2025-05-08,2025-05-12
D00618,Demo,2025-05-12,2025-05-25
D00618,Proposal,2025-05-25,2025-06-06
D00618,Negotiation,2025-06-06,2025-06-16
D00619,Lead,2024-10-22,2024-10-24
D00619,Qualified,2024-10-24,2024-11-01
D00619,Demo,2024-11-01,2024-11-07
D00619,Proposal,2024-11-07,2024-11-21
D00619,Negotiation,2024-11-21,2024-12-04
D00620,Lead,2025-01-19,2025-01-23
D00620,Qualified,2025-01-23,2025-01-29
D00620,Demo,2025-01-29,2025-02-11
D00620,Proposal,2025-02-11,2025-02-27
D00620,Negotiation,2025-02-27,2025-03-11
